UnitCardAsset,Chassis,Variant,Type,Usage,IntroDate,BV2,Role,EnvironmentBlacklist,IntroDifficulty,Tier,Notes,Comstar_Rarity,Davion_Rarity,FreeRasalhagueRepublic_Rarity,Kurita_Rarity,Liao_Rarity,Marik_Rarity,Steiner_Rarity,Mercenaries_Rarity,Periphery_Rarity,Outlaws_Rarity,Independent_Rarity,BlackInferno_Rarity,FederatedCommonwealth_Rarity,Oberon_Confederation_Rarity,MagistracyOfCanopusRarity,TheBadDream_Rarity,Blackhearts_Rarity,BrionsLegion_Rarity,CraterCobras_Rarity,EridaniLightHorse_Rarity,FilthyLucre_Rarity,GrayDeathLegion_Rarity,GreggsLongstriders_Rarity,HansensRoughRiders_Rarity,HarlocksWarriors_Rarity,KellHounds_Rarity,LindonsCompany_Rarity,McCarronsArmoredCalvary_Rarity,MobileFire_Rarity,NorthwindHighlanders_Rarity,Thumpers_Rarity,WacoRangers_Rarity,WolfsDragoons_Rarity,Vest_Rarity,SolarisArms_Rarity,TripleF_Rarity,JumpJetFuel_Rarity,HighImpactBallistics_Rarity,BullheadArmor_Rarity,Musclebound_Rarity,EarthwerksIncorporated_Rarity,IroncladSystems_Rarity,LedouxEnterprises_Rarity,NovaTech_Rarity,StarfallCorp_Rarity,VanguardIndustries_Rarity
ANH-1A_UnitCard,Annihilator,ANH-1A,UnitType.Mech.Assault,Unit.Usage.Market,1/1/3009,1434,Unit.Role.Juggernaut,,75,10,Wolf's Dragoons mainly,,,,,,,,VeryRare,,,,,,,,,,,,,,,,,,,,,,,,,Rare,,,,,,,,,,,,,
ANH-1E_UnitCard,Annihilator,ANH-1E,UnitType.Mech.Assault,Unit.Usage.Market,1/1/3028,1625,Unit.Role.Juggernaut,,75,10,Wolf's Dragoons mainly,,,,,,,,VeryRare,,,,,,,,,,,,,,,,,,,,,,,,,VeryRare,,,,,,,,,,,,,
ANH-1X_UnitCard,Annihilator,ANH-1X,UnitType.Mech.Assault,Unit.Usage.Market,1/1/2779,1926,Unit.Role.Juggernaut,,75,10,"Extinct by 3050, no info earlier",,,,,,,,,,,,,,,,,,,,,,,,,,,,,,,,,,,,,,,,,,,,,,
ANH-2A_UnitCard,Annihilator,ANH-2A,UnitType.Mech.Assault,Unit.Usage.Market,1/1/3048,1595,Unit.Role.Juggernaut,,75,10,Wolf's Dragoons pre-3050,,,,,,,,VeryRare,,,,,,,,,,,,,,,,,,,,,,,,,Rare,,,,,,,,,,,,,
ARC-2K_UnitCard,Archer,ARC-2K,UnitType.Mech.Heavy,Unit.Usage.Market,1/1/2856,1356,Unit.Role.MissileBoat,,42,6,DLC2,,,Common,Common,,,,,,,,,,,,,,Common,,,,,,,,,,,,,,Common,,,,,,,,,,,,,,
ARC-2P_UnitCard,Archer,ARC-2P,UnitType.Mech.Heavy,Unit.Usage.Market,1/1/3026,1272,Unit.Role.Brawler,,42,6,DLC3,,,,,,,,,Uncommon,Uncommon,Uncommon,,,,,,,,,,,,,VeryCommon,,,,,,,,,,,,Uncommon,,,Common,Common,,Common,Uncommon,Uncommon,Uncommon,Common
ARC-2R_UnitCard,Archer,ARC-2R,UnitType.Mech.Heavy,Unit.Usage.Market,1/1/2474,1477,Unit.Role.MissileBoat,,45,6,,Common,Common,VeryCommon,VeryCommon,Rare,Common,VeryCommon,Common,Uncommon,Uncommon,Common,Common,Common,,,,VeryCommon,VeryCommon,,,VeryCommon,VeryCommon,,,,,,Rare,,Common,,VeryCommon,Common,,,,,,,,,,,,,
ARC-2Rb_UnitCard,Archer,ARC-2Rb,UnitType.Mech.Heavy,Unit.Usage.Market,1/1/2752,1705,Unit.Role.MissileBoat,,50,6,"DLC2, Extinct in IS by 2901",Rare,,,,,,,,,,,,,,,,,,,,,,,VeryCommon,,,,,,,,,,,,,,,,,,,,,,
ARC-2S_UnitCard,Archer,ARC-2S,UnitType.Mech.Heavy,Unit.Usage.Market,1/1/2915,1393,Unit.Role.MissileBoat,,43,6,DLC2,,,,,,,VeryCommon,,,,,,Common,,,,VeryCommon,,,,VeryCommon,VeryCommon,,,,,,,,,,,,,,,,,,,,,,,,
ARC-2W_UnitCard,Archer,ARC-2W,UnitType.Mech.Heavy,Unit.Usage.Market,1/1/3010,1338,Unit.Role.MissileBoat,,42,6,"DLC2, Wolf's Dragoons only",,,,,,,,Rare,,,,,,,,,,,,,,,,,,,,,,,,,Rare,,,,,,,,,,,,,
ARC-AGC_UnitCard,Archer,ARC-AGC,UnitType.Mech.Heavy,Unit.Usage.Special,1/1/3045,1443,Unit.Role.Brawler,,44,8,"DLC1,Unique",,,,,,Unique,,Unique,,,,,,,,,,,,,,,,,,,,,,,,,,,,,,,,,,,,,,
ARC-T_UnitCard,Archer,ARC-T,UnitType.Mech.Heavy,Unit.Usage.Unique,2/20/3016,1653,Unit.Role.MissileBoat,,49,6,"DLC1,Unique",,,,,,,,Unique,,,,,,,,,,,,,,,,,,,,,,,,,,,,,,,,,,,,,,
ASN-101_UnitCard,Assassin,ASN-101,UnitType.Mech.Medium,Unit.Usage.Market,1/1/3024,757,Unit.Role.Scout,,5,2,,,VeryRare,,,,,,,,,,,VeryRare,,,Rare,,,VeryRare,VeryRare,,,,,VeryRare,VeryRare,VeryRare,,,VeryRare,,,,,,,,,,,,,,,,
ASN-21_UnitCard,Assassin,ASN-21,UnitType.Mech.Medium,Unit.Usage.Market,1/1/2676,749,Unit.Role.Scout,,3,2,,Uncommon,Rare,Rare,Rare,,Rare,Rare,Rare,Rare,Rare,,Rare,Rare,,,,Rare,Rare,Rare,Rare,,Rare,Rare,,Rare,Rare,Rare,,,Rare,,Rare,Rare,,,,,,,,,,,,,
ASN-25_UnitCard,Assassin,ASN-25,UnitType.Mech.Medium,Unit.Usage.Market,1/1/3026,751,Unit.Role.Scout,,4,2,DLC3,,,,,,,,,Rare,Rare,,,,,,,,,,,,,,,,,,,,,,,,,,Uncommon,Common,,,Common,,Common,Uncommon,Uncommon,Uncommon,Common
ASN-26_UnitCard,Assassin,ASN-26,UnitType.Mech.Medium,Unit.Usage.Market,1/1/2750,1044,Unit.Role.Scout,,5,4,,,,,,,,,,,,,,,,,,,,,,,,,,,,,,,,,,,,,,,,,,,,,,,
ASN-27_UnitCard,Assassin,ASN-27,UnitType.Mech.Medium,Unit.Usage.Market,1/1/2750,1211,Unit.Role.Scout,,5,4,DLC1,,,,,,,,,,,,,,,,,,,,,,,,,,,,,,,,,,,,,,,,,,,,,,
ASN-DD_UnitCard,Assassin,ASN-DD,UnitType.Mech.Medium,Unit.Usage.Unique,10/4/3033,1043,Unit.Role.Scout,,5,4,"DLC1,Unique",,,,,,,,,,,,,,,,Common,,,,,,,,,,,,,,,,,,,,,,,,,,,,,,
AS7-BH_UnitCard,Atlas,AS7-BH,UnitType.Mech.Assault,Unit.Usage.Unique,9/29/3023,1717,Unit.Role.Juggernaut,,54,10,Unique,,Unique,,,,,,,,,,,,,,,,,,Unique,,,,,,,Unique,,,Unique,,,,,,,,,,,,,,,,
AS7-D_UnitCard,Atlas,AS7-D,UnitType.Mech.Assault,Unit.Usage.Market,1/1/2755,1897,Unit.Role.Juggernaut,,61,9,,Common,Uncommon,Uncommon,Uncommon,VeryRare,Uncommon,Common,Uncommon,VeryRare,VeryRare,VeryRare,Uncommon,Uncommon,,,,Common,Uncommon,Uncommon,Uncommon,,Common,Common,,,,Uncommon,VeryRare,,Uncommon,,Uncommon,Common,,,,,,,,,,,,,
AS7-K_UnitCard,Atlas,AS7-K,UnitType.Mech.Assault,Unit.Usage.Market,1/1/3049,1900,Unit.Role.Sniper,,72,9,,Uncommon,,Uncommon,Common,VeryRare,VeryRare,,VeryRare,,,,Rare,,,,,,Common,,,,,,,,,,VeryRare,,,,Common,,,,,,,,,,,,,,
AS7-KR_UnitCard,Atlas,AS7-KR,UnitType.Mech.Assault,Unit.Usage.Unique,1/1/3049,1900,Unit.Role.Sniper,,73,10,Unique,,,,,,,Unique,,,,,,,,,,Unique,,,,,,Unique,,,,,,,,,,,,,,,,,,,,,,,
AS7-P_UnitCard,Atlas,AS7-P,UnitType.Mech.Assault,Unit.Usage.Market,1/1/3025,1880,Unit.Role.Juggernaut,,61,9,DLC3,,,,,,,,,VeryRare,VeryRare,,,,,,,,,,,,,,,,,,,,,,,,,,Uncommon,,Common,Common,Common,,Common,Uncommon,Uncommon,Uncommon,Common
AS7-RS_UnitCard,Atlas,AS7-RS,UnitType.Mech.Assault,Unit.Usage.Market,1/1/2892,1849,Unit.Role.Juggernaut,,60,9,,,Uncommon,Rare,Rare,VeryRare,VeryRare,VeryRare,Rare,VeryRare,VeryRare,VeryRare,Rare,Rare,,,,VeryRare,Rare,Uncommon,Uncommon,,VeryRare,VeryRare,,,,Uncommon,VeryRare,,Uncommon,,Rare,,,,,,,,,,,,,,
AWS-8Q_UnitCard,Awesome,AWS-8Q,UnitType.Mech.Assault,Unit.Usage.Market,1/1/2665,1605,Unit.Role.Sniper,,50,7,,Uncommon,Uncommon,Uncommon,Uncommon,Uncommon,Common,Uncommon,Uncommon,Uncommon,Rare,Uncommon,Uncommon,Uncommon,,,,Uncommon,Uncommon,Uncommon,,,,,,,,,Uncommon,,,VeryRare,Uncommon,Uncommon,,,,,,,,,,,,,
AWS-8R_UnitCard,Awesome,AWS-8R,UnitType.Mech.Assault,Unit.Usage.Market,1/1/2683,1470,Unit.Role.MissileBoat,,45,8,,Uncommon,Uncommon,Uncommon,Uncommon,Uncommon,Common,Uncommon,,VeryRare,,Uncommon,VeryRare,Uncommon,,,,Uncommon,Uncommon,Uncommon,,,,,,,,,Uncommon,,,Rare,Uncommon,,,,,,,,,,,,,,
AWS-8T_UnitCard,Awesome,AWS-8T,UnitType.Mech.Assault,Unit.Usage.Market,1/1/2815,1593,Unit.Role.MissileBoat,,50,8,,,Rare,Rare,Rare,Rare,Uncommon,Rare,Rare,,Uncommon,VeryRare,Uncommon,Rare,,,,Rare,Rare,Rare,,,,,,,,,Rare,,,,Rare,Uncommon,,,,,,,,,,,,,
AWS-8V_UnitCard,Awesome,AWS-8V,UnitType.Mech.Assault,Unit.Usage.Market,1/1/2980,1510,Unit.Role.Sniper,,47,8,,,VeryRare,VeryRare,VeryRare,VeryRare,Rare,VeryRare,,,Rare,VeryRare,,VeryRare,,,,VeryRare,VeryRare,VeryRare,,,,,,,,,VeryRare,,,Common,VeryRare,,,,,,,,,,,,,,
AWS-9M_UnitCard,Awesome,AWS-9M,UnitType.Mech.Assault,Unit.Usage.Market,1/1/3049,1812,Unit.Role.Brawler,,58,8,,,VeryRare,VeryRare,Rare,VeryRare,Uncommon,Rare,,,,VeryRare,,Rare,,,,Rare,Rare,VeryRare,,,,,,,,,VeryRare,,,,Rare,,,,,,,,,,,,,,
AWS-PB_UnitCard,Awesome,AWS-PB,UnitType.Mech.Assault,Unit.Usage.Unique,1/1/3015,1043,Unit.Role.Brawler,,29,9,Unique,,Unique,,,,,,,,,,,,,,,,,,,,,,,,,,,,,,,,,,,,,,,,,,,,
BNC-2P_UnitCard,Banshee,BNC-2P,UnitType.Mech.Assault,Unit.Usage.Market,1/1/3026,1527,Unit.Role.Brawler,,50,8,DLC3,,,,,,,,,Uncommon,Uncommon,Rare,,,,,,,,,,,,,,,,,,,,,,,,,Uncommon,Common,,,Common,,Common,Uncommon,Common,Uncommon,Common
BNC-3E_UnitCard,Banshee,BNC-3E,UnitType.Mech.Assault,Unit.Usage.Market,1/1/2475,1422,Unit.Role.Sniper,,43,7,,Rare,Uncommon,Uncommon,Uncommon,Uncommon,Rare,Common,Uncommon,Uncommon,Uncommon,Uncommon,Uncommon,Common,,,,Common,Uncommon,Uncommon,,,,,,,,,Uncommon,,,Common,Uncommon,,,,,,,,,,,,,,
BNC-3M_UnitCard,Banshee,BNC-3M,UnitType.Mech.Assault,Unit.Usage.Market,1/1/2579,1595,Unit.Role.Brawler,,50,8,,,,,,,Uncommon,,,,,VeryRare,VeryRare,,,,,,,,,,,,,,,,,,,,,,,,,,,,,,,,,,
BNC-3MC_UnitCard,Banshee,BNC-3MC,UnitType.Mech.Assault,Unit.Usage.Market,1/1/3039,1487,Unit.Role.Brawler,,50,8,DLC2,,,,,,,,,VeryRare,,,,,,,,,,,,,,,,,,,,,,,,,,,,,,,,,,,,,
BNC-3P_UnitCard,Banshee,BNC-3P,UnitType.Mech.Assault,Unit.Usage.Market,1/1/2703,1655,Unit.Role.Brawler,,52,8,DLC1,,,,,,,,Rare,Uncommon,Uncommon,Uncommon,,,,,,,,,,,,,,,,,,,,,,,,,,,,,,,,,,,
BNC-3S_UnitCard,Banshee,BNC-3S,UnitType.Mech.Assault,Unit.Usage.Market,8/19/3026,1751,Unit.Role.Juggernaut,,56,8,,,Uncommon,VeryRare,,,,Common,,,,,,Uncommon,,,,Common,,Uncommon,,,,,,,,,,,,Common,,,,,,,,,,,,,,,
BNC-LM_UnitCard,Banshee,BNC-LM,UnitType.Mech.Assault,Unit.Usage.Unique,11/2/3019,1822,Unit.Role.Brawler,,58,8,Unique,,,,,,,,Unique,,,,,,,,,,,,,,,,,,,,,,,,,,,,,,,,,,,,,,
BNC-SR_UnitCard,Banshee,BNC-SR,UnitType.Mech.Assault,Unit.Usage.Unique,8/19/3047,1853,Unit.Role.Brawler,,60,8,Unique,,,,,,,Unique,,,,,,,,,,Unique,,,,,,,,,,,,,,,,,,,,,,,,,,,,,
BLR-1D_UnitCard,BattleMaster,BLR-1D,UnitType.Mech.Assault,Unit.Usage.Market,1/1/2867,1522,Unit.Role.Brawler,,47,8,,,VeryRare,,,,,,,,,,,VeryRare,,,,,,VeryRare,,,,,,,,,,,,Uncommon,,,,,,,,,,,,,,,
BLR-1G_UnitCard,BattleMaster,BLR-1G,UnitType.Mech.Assault,Unit.Usage.Market,1/1/2633,1519,Unit.Role.Brawler,,47,8,,Common,Rare,Uncommon,Common,Uncommon,Common,Common,Rare,Rare,Rare,Rare,Uncommon,Uncommon,,,,Common,Common,Rare,,,,,,,,,Uncommon,,,Uncommon,Common,Uncommon,,,,,,,,,,,,,
BLR-1G-S_UnitCard,BattleMaster,BLR-1G-S,UnitType.Mech.Assault,Unit.Usage.Special,1/1/2633,1519,Unit.Role.Brawler,,47,8,DLC5,,,,,,,,,,,,,,,,,,,,,,,,,,,,,,,,,,,,,,,,,,,,,,
BLR-1GHE_UnitCard,BattleMaster,BLR-1GHE,UnitType.Mech.Assault,Unit.Usage.Unique,1/1/2750,1764,Unit.Role.Brawler,,56,9,Unique,,,,,,,,,,,,,,,,,,,,,,,,,,,,,,,,,,,,,,,,,,,,,,
BLR-1M_UnitCard,BattleMaster,BLR-1M,UnitType.Mech.Assault,Unit.Usage.Market,1/1/3028,1478,Unit.Role.Brawler,,45,8,DLC3,,,,,,,,,Rare,Rare,VeryRare,,,,,,,,,,,,,,,,,,,,,,,,,Uncommon,,,Common,Common,,Common,Uncommon,Uncommon,Uncommon,Common
BLR-1P_UnitCard,BattleMaster,BLR-1P,UnitType.Mech.Assault,Unit.Usage.Market,1/1/3025,1492,Unit.Role.Brawler,,45,8,DLC1,,,,VeryRare,,VeryRare,VeryRare,,,,,,VeryRare,,,,VeryRare,VeryRare,,,,,,,,,,,,,,VeryRare,,,,,,,,,,,,,,
BLR-1S_UnitCard,BattleMaster,BLR-1S,UnitType.Mech.Assault,Unit.Usage.Market,9/23/3025,1507,Unit.Role.Brawler,,46,9,,,,,,,,Uncommon,,,,,,Rare,,,,Uncommon,,,,,,,,,,,,,,,,,,,,,,,,,,,,,
BLR-3M_UnitCard,BattleMaster,BLR-3M,UnitType.Mech.Assault,Unit.Usage.Market,1/1/3049,1679,Unit.Role.Brawler,,53,10,,Uncommon,VeryRare,Rare,VeryRare,Rare,Uncommon,Uncommon,VeryRare,Rare,Rare,Rare,Rare,Rare,,,,Uncommon,VeryRare,VeryRare,,,,,,,,,Rare,,,Rare,VeryRare,,,,,,,,,,,,,,
BJ-1_UnitCard,Blackjack,BJ-1,UnitType.Mech.Medium,Unit.Usage.Market,1/1/2757,949,Unit.Role.Sniper,,5,3,,Rare,VeryCommon,Rare,Rare,VeryCommon,VeryRare,Rare,Uncommon,Uncommon,Rare,Uncommon,Uncommon,Uncommon,,,,Rare,Rare,VeryCommon,VeryCommon,,,Rare,,,,VeryCommon,VeryCommon,,VeryCommon,,Rare,VeryRare,,,,,,,,,,,,,
BJ-1DB_UnitCard,Blackjack,BJ-1DB,UnitType.Mech.Medium,Unit.Usage.Market,4/15/3022,1015,Unit.Role.Brawler,,5,3,DLC2,,Uncommon,,,,,,,,,,,Rare,,,,,,Uncommon,Uncommon,,,,,Uncommon,Uncommon,Uncommon,,,Uncommon,,,,,,,,,,,,,,,,
BJ-1DC_UnitCard,Blackjack,BJ-1DC,UnitType.Mech.Medium,Unit.Usage.Market,4/15/3024,917,Unit.Role.Brawler,,5,3,,,Uncommon,,,,,,,,,,,Rare,,,,,,Uncommon,Uncommon,,,,,Uncommon,Uncommon,Uncommon,,,Uncommon,,,,,,,,,,,,,,,,
BJ-1X_UnitCard,Blackjack,BJ-1X,UnitType.Mech.Medium,Unit.Usage.Market,1/1/2756,964,Unit.Role.Skirmisher,,5,3,Extinct by 2781,,,,,,,,,,,,,,,,VeryRare,,,,,,,,,,,,,,,,,,,,,,,,,,,,,,
BJ-3_UnitCard,Blackjack,BJ-3,UnitType.Mech.Medium,Unit.Usage.Market,2/17/3042,1271,Unit.Role.Brawler,,10,4,,,Uncommon,,,,,Rare,Rare,,,Uncommon,Rare,Uncommon,,,,Rare,,Uncommon,Uncommon,Rare,,Rare,,Uncommon,Uncommon,Uncommon,,,Uncommon,,,,,,,,,,,,,,,,
BJ-A_UnitCard,Blackjack,BJ-A,UnitType.Mech.Medium,Unit.Usage.Unique,1/1/3015,1045,Unit.Role.Skirmisher,,15,3,Unique,,Unique,,,,,,,,,,,,,,,,,Unique,Unique,,,,,Unique,Unique,Unique,,,Unique,,,,,,,,,,,,,,,,
BL-6-KNT_UnitCard,Black Knight,BL-6-KNT,UnitType.Mech.Heavy,Unit.Usage.Market,1/1/2578,1551,Unit.Role.Brawler,,47,8,DLC1,Rare,,,,,,,,,,,VeryRare,,,,,,,,,,,,,,,,,,,,,,,,,,,,,,,,,,
BL-6B-KNT_UnitCard,Black Knight,BL-6B-KNT,UnitType.Mech.Heavy,Unit.Usage.Market,1/1/2751,1627,Unit.Role.Brawler,,48,8,DLC1,Rare,,,,,,,,,,,,,,,,,,,,,,,,,,,,,,,,,,,,,,,,,,,,,
BL-7-KNT_UnitCard,Black Knight,BL-7-KNT,UnitType.Mech.Heavy,Unit.Usage.Market,1/1/2809,1443,Unit.Role.Brawler,,44,7,,,VeryRare,VeryRare,VeryRare,,VeryRare,VeryRare,VeryRare,,,,VeryRare,VeryRare,,,,VeryRare,VeryRare,,,VeryRare,,,,,,,,,VeryRare,,VeryRare,VeryRare,,,,,,,,,,,,,
BL-7-KNT-L_UnitCard,Black Knight,BL-7-KNT-L,UnitType.Mech.Heavy,Unit.Usage.Market,1/1/2809,1409,Unit.Role.Brawler,,43,7,,,,,,,VeryRare,,,,,,,,,,,,,,,,,,,,,,,,,,,,,,,,,,,,,,,,
BL-7-KNT-P_UnitCard,Black Knight,BL-7-KNT-P,UnitType.Mech.Heavy,Unit.Usage.Market,1/1/3040,1328,Unit.Role.Brawler,,41,7,DLC3,,,,,,,,,VeryRare,VeryRare,,,,,,,,,,,,,,,,,,,,,,,,,,Uncommon,,,Common,Common,,Common,Uncommon,Uncommon,Common,Common
BL-P-KNT_UnitCard,Black Knight,BL-P-KNT,UnitType.Mech.Heavy,Unit.Usage.Unique,1/1/2788,1531,Unit.Role.Brawler,,47,8,Unique,,Unique,,,,,,,,,,,,,,,,,,,,,,,,,,,,Unique,,,,,,,,,,,,,,,,
BL-P-KNT2_UnitCard,Black Knight,BL-P-KNT2,UnitType.Mech.Heavy,Unit.Usage.Unique,1/1/3039,1630,Unit.Role.Brawler,,48,8,"DLC3,Unique",,Unique,,,,,,,,,,,,,,,,,,,,,,,,,,,,Unique,,,,,,,,,,,,,,,,
CTF-0X_UnitCard,Cataphract,CTF-0X,UnitType.Mech.Heavy,Unit.Usage.Market,1/1/3025,1306,Unit.Role.Sniper,,38,6,DLC1,,,,,Rare,,,,,,,,,,,,,,,,,,,,,,,Rare,,,,,,,,,,,,,,,,,,
CTF-0XP_UnitCard,Cataphract,CTF-0XP,UnitType.Mech.Heavy,Unit.Usage.Market,1/1/3045,1329,Unit.Role.Sniper,,39,6,DLC1,,,,,Uncommon,,,,,,,,,,,,,,,,,,,VeryRare,,,,Uncommon,,,,,,,,,,,,,,,,,,
CTF-1X_UnitCard,Cataphract,CTF-1X,UnitType.Mech.Heavy,Unit.Usage.Market,5/20/3025,1316,Unit.Role.Brawler|Unit.Role.Juggernaut,,35,6,,,Uncommon,,,Uncommon,,,Rare,,,VeryRare,Rare,Rare,,,,,,,,,,,,,,,Uncommon,,Uncommon,,,,,,,,,,,,,,,,
CTF-2P_UnitCard,Cataphract,CTF-2P,UnitType.Mech.Heavy,Unit.Usage.Market,1/1/3032,1283,Unit.Role.Brawler,,36,6,DLC3,,,,,,,,,VeryRare,VeryRare,VeryRare,,,,,,,,,,,,,,,,,,,,,,,,,Uncommon,,Common,Uncommon,Common,Common,Uncommon,Uncommon,Uncommon,Uncommon,Uncommon
CTF-2X_UnitCard,Cataphract,CTF-2X,UnitType.Mech.Heavy,Unit.Usage.Market,1/1/3027,1344,Unit.Role.Brawler|Unit.Role.Juggernaut,,37,6,,,Uncommon,,,Uncommon,,,Rare,,,VeryRare,Rare,Rare,,,,,,,,,,,,,,,Uncommon,,Uncommon,,,,,,,,,,,,,,,,
CTF-4X_UnitCard,Cataphract,CTF-4X,UnitType.Mech.Heavy,Unit.Usage.Market,1/1/3029,1216,Unit.Role.Sniper,,35,6,,,Rare,,,,,,,,,,,Rare,,,,,,,,,,,,,,,,,Rare,,,,,,,,,,,,,,,,
CTF-IM_UnitCard,Cataphract,CTF-IM,UnitType.Mech.Heavy,Unit.Usage.Unique,5/28/3029,1246,Unit.Role.Brawler,,0,6,Unique,,,,,Unique,,,,,,,,,,,,,,,,,,,,,,,Unique,,,,,,,,,,,,,,,,,,
CTF-VE1_UnitCard,Cataphract,CTF-VE1,UnitType.Mech.Heavy,Unit.Usage.Special.Salvageable,1/1/3025,1115,Unit.Role.Brawler,,35,7,DLC6,,,,,,,,,,,,,,,,,,,,,,,,,,,,,,,,,,,,Common,,,,,Common,Common,Common,Uncommon,Uncommon,Uncommon
CPLT-A1_UnitCard,Catapult,CPLT-A1,UnitType.Mech.Heavy,Unit.Usage.Market,1/1/2563,1285,Unit.Role.MissileBoat,,38,6,,,,,,Uncommon,,,,,,Rare,,,,,,,,,,,,,Rare,,,,Uncommon,,,,,,,,,,,,,,,,,,
CPLT-BB_UnitCard,Catapult,CPLT-BB,UnitType.Mech.Heavy,Unit.Usage.Unique,9/25/3028,1242,Unit.Role.Skirmisher,,36,6,Unique,,,,,Unique,,,,,,,,,,,,,,,,,,,,,,,Unique,,,,,,,,,,,,,,,,,,
CPLT-C1_UnitCard,Catapult,CPLT-C1,UnitType.Mech.Heavy,Unit.Usage.Market,1/1/2561,1399,Unit.Role.MissileBoat,,42,7,,Uncommon,Rare,Rare,Uncommon,VeryCommon,VeryRare,VeryRare,Rare,Rare,Rare,Rare,Uncommon,Rare,,,,VeryRare,Uncommon,,,VeryRare,,,Uncommon,,,,VeryCommon,,Rare,,,Uncommon,,,,,,,,,,,,,
CPLT-C1B_UnitCard,Catapult,CPLT-C1B,UnitType.Mech.Heavy,Unit.Usage.Market,1/1/2688,1570,Unit.Role.MissileBoat,,42,7,"DLC2, Extinct by 2901",Rare,,,,,,,,,,,,,,,,,,,,,,,,,,,,,,,,,,,,,,,,,,,,,
CPLT-C4_UnitCard,Catapult,CPLT-C4,UnitType.Mech.Heavy,Unit.Usage.Market,1/1/2565,1358,Unit.Role.MissileBoat,,41,7,,,,,,Uncommon,,,,,VeryRare,Rare,VeryRare,,,,,,,,,,,,,,,,Uncommon,,,,,,,,,,,,,,,,,,
CPLT-J_UnitCard,Catapult,CPLT-J,UnitType.Mech.Heavy,Unit.Usage.Unique,1/1/3015,1417,Unit.Role.Brawler,,43,7,Unique,,,,,,,,Unique,,,,,,,,,,,,,,,,,,,,,,,,,,,,,,,,,,,,,,
CPLT-K2_UnitCard,Catapult,CPLT-K2,UnitType.Mech.Heavy,Unit.Usage.Market,1/1/2603,1319,Unit.Role.Sniper,,39,7,,,,Uncommon,Uncommon,,,,,,,,,,,,,,Uncommon,,,,,,,,,,,,,,,,,,,,,,,,,,,,
CPLT-K2-S_UnitCard,Catapult,CPLT-K2-S,UnitType.Mech.Heavy,Unit.Usage.Special,1/1/2603,1319,Unit.Role.Sniper,,39,7,DLC5,,,,,,,,,,,,,,,,,,,,,,,,,,,,,,,,,,,,,,,,,,,,,,
CN9-A_UnitCard,Centurion,CN9-A,UnitType.Mech.Medium,Unit.Usage.Market,1/1/2801,945,Unit.Role.Brawler,,7,5,,,VeryCommon,VeryRare,VeryRare,Rare,Uncommon,Rare,Uncommon,Rare,Rare,Uncommon,Uncommon,Common,,,VeryRare,Rare,VeryRare,VeryCommon,VeryCommon,,Rare,Rare,,VeryCommon,VeryCommon,VeryCommon,Rare,,VeryCommon,,VeryRare,Rare,,,,,,,,,,,,,
CN9-AH_UnitCard,Centurion,CN9-AH,UnitType.Mech.Medium,Unit.Usage.Market,1/1/2874,945,Unit.Role.Juggernaut,,12,6,,,Uncommon,VeryRare,VeryRare,VeryRare,VeryRare,Rare,Uncommon,Rare,Rare,Rare,Uncommon,Uncommon,,,VeryRare,Rare,VeryRare,Uncommon,Uncommon,,,Rare,,Uncommon,Uncommon,Uncommon,VeryRare,,Uncommon,,VeryRare,Rare,,,,,,,,,,,,,
CN9-AL_UnitCard,Centurion,CN9-AL,UnitType.Mech.Medium,Unit.Usage.Market,1/1/2915,1057,Unit.Role.Brawler,,9,6,,,Common,VeryRare,Uncommon,Rare,Rare,Uncommon,Rare,VeryRare,Rare,Rare,Uncommon,Uncommon,,,,Uncommon,Uncommon,Common,Common,,,Uncommon,,Common,Common,Common,Rare,,Common,,Uncommon,Rare,,,,,,,,,,,,,
CN9-D_UnitCard,Centurion,CN9-D,UnitType.Mech.Medium,Unit.Usage.Market,1/1/3049,1130,Unit.Role.Skirmisher,,10,7,,,VeryCommon,VeryRare,,,VeryRare,Uncommon,Rare,VeryRare,VeryRare,Rare,Rare,Uncommon,,,,Uncommon,,VeryCommon,VeryCommon,,,Uncommon,,VeryCommon,VeryCommon,VeryCommon,,,VeryCommon,,,,,,,,,,,,,,,,
CN9-P_UnitCard,Centurion,CN9-P,UnitType.Mech.Medium,Unit.Usage.Market,1/1/3027,875,Unit.Role.Brawler,,8,6,DLC3,,,,,,,,,Rare,Rare,VeryRare,,,,,,,,,,,,,,,,,,,,,,,,,Uncommon,,Common,,Common,,Common,Uncommon,Uncommon,Uncommon,Common
CN9-YLW_UnitCard,Centurion,CN9-YLW,UnitType.Mech.Medium,Unit.Usage.Unique,3/20/3027,957,Unit.Role.Juggernaut,,4,4,Unique,,,,,Unique,,,,,,,,,,,,,,,,,,,,,,,Unique,,,,,,,,,,,,,,,,,,
CN9-YLW2_UnitCard,Centurion,CN9-YLW2,UnitType.Mech.Medium,Unit.Usage.Unique,3/20/3027,957,Unit.Role.Juggernaut,,7,6,"DLC3,Unique",,,,,Unique,,,,,,,,,,,,,,,,,,,,,,,Unique,,,,,,,,,,,,,,,,,,
CHP-1N_UnitCard,Champion,CHP-1N,UnitType.Mech.Heavy,Unit.Usage.Market,1/1/2602,1233,Unit.Role.Skirmisher,,35,4,DLC1,Uncommon,,,,,,,,,,,Rare,,,,,,,,,,,,,,,,,,,,,,,,,,,,,,,,,,
CHP-1N2_UnitCard,Champion,CHP-1N2,UnitType.Mech.Heavy,Unit.Usage.Market,1/1/2667,1233,Unit.Role.Skirmisher,,35,5,DLC1,Uncommon,,,,,,,,,,,Rare,,,,,,,,,,,,Rare,,,,,,,,,,,,,,,,,,,,,,
CHP-1NB_UnitCard,Champion,CHP-1NB,UnitType.Mech.Heavy,Unit.Usage.Market,1/1/2751,1632,Unit.Role.Sniper,,50,5,DLC1,Rare,,,,,,,,,,,,,,,,,,,,,,,,,,,,,,,,,,,,,,,,,,,,,
CHP-2N_UnitCard,Champion,CHP-2N,UnitType.Mech.Heavy,Unit.Usage.Market,1/1/2810,1116,Unit.Role.Skirmisher,,31,4,DLC1,,VeryRare,VeryRare,VeryRare,Rare,VeryRare,VeryRare,VeryRare,,,VeryRare,VeryRare,VeryRare,,,,VeryRare,VeryRare,,,VeryRare,,,Common,,,,Rare,,VeryRare,,,VeryRare,,,,,,,,,,,,,
CGR-1A1_UnitCard,Charger,CGR-1A1,UnitType.Mech.Assault,Unit.Usage.Market,1/1/2665,750,Unit.Role.Scout|Unit.Role.Juggernaut,,25,4,DLC1,,,Uncommon,Common,,VeryRare,VeryRare,Rare,VeryRare,Rare,,,VeryRare,,,,VeryRare,Common,,,,,,,,,,,,,Common,,,,,,,,,,,,,,,
CGR-1A5_UnitCard,Charger,CGR-1A5,UnitType.Mech.Assault,Unit.Usage.Market,1/1/3023,1468,Unit.Role.Juggernaut,,44,4,DLC1,,,,,Uncommon,,,VeryRare,,VeryRare,VeryRare,,,,,,,,,,,,,,,,,Uncommon,,,VeryCommon,,,,,,,,,,,,,,,
CGR-1P5_UnitCard,Charger,CGR-1P5,UnitType.Mech.Assault,Unit.Usage.Market,1/1/3028,1340,Unit.Role.Brawler,,42,4,DLC3,,,,,,,,,VeryRare,VeryRare,VeryRare,,,,,,,,,,,,,,,,,,,,,,,,,Uncommon,,Common,,Common,,Common,Uncommon,Uncommon,Uncommon,Common
CGR-3K_UnitCard,Charger,CGR-3K,UnitType.Mech.Assault,Unit.Usage.Market,1/1/3049,1656,Unit.Role.Skirmisher,,49,8,DLC1,,,Uncommon,Common,Rare,,,Rare,,,,Rare,,,,,,Common,,,,,,,,,,Rare,,,Common,,,,,,,,,,,,,,,
CGR-3K-S_UnitCard,Charger,CGR-3K-S,UnitType.Mech.Assault,Unit.Usage.Special,1/1/3049,1656,Unit.Role.Skirmisher,,49,8,DLC5,,,,,,,,,,,,,,,,,,,,,,,,,,,,,,,,,,,,,,,,,,,,,,
CGR-N7_UnitCard,Charger,CGR-N7,UnitType.Mech.Assault,Unit.Usage.Unique,1/1/3015,1396,Unit.Role.Brawler,,43,6,"DLC1,Unique",,,,,,,,Unique,,,,,,,,,,,,,,,,,,,,,,,,,,,,,,,,,,,,,,
CDA-2A_UnitCard,Cicada,CDA-2A,UnitType.Mech.Medium,Unit.Usage.Market,1/1/2740,559,Unit.Role.Scout,,2,2,,Common,VeryRare,Rare,Rare,VeryCommon,Uncommon,Rare,Rare,Rare,Rare,Uncommon,Uncommon,Rare,,,,Rare,Rare,VeryRare,VeryRare,,,Rare,,,,VeryRare,VeryCommon,,VeryRare,,Rare,,,,,,,,,,,,,,
CDA-2B_UnitCard,Cicada,CDA-2B,UnitType.Mech.Medium,Unit.Usage.Market,1/1/2840,526,Unit.Role.Scout,,2,2,,,,,,Uncommon,,,,,Uncommon,Rare,Rare,,,,VeryRare,,,,,,,,,,,,Uncommon,,,,,,,,,,,,,,,,,,
CDA-3C_UnitCard,Cicada,CDA-3C,UnitType.Mech.Medium,Unit.Usage.Market,1/1/2840,771,Unit.Role.Scout,,3,2,,,,,,Common,,,,Rare,,Rare,,,,,,,,,,,,,,,,,Common,,,,,,,,,,,,,,,,,,
CDA-3M_UnitCard,Cicada,CDA-3M,UnitType.Mech.Medium,Unit.Usage.Market,1/1/3049,812,Unit.Role.Striker|Unit.Role.Scout,,15,2,,,VeryRare,VeryRare,Rare,Rare,Uncommon,Rare,Rare,,,Rare,VeryRare,VeryRare,,,,Rare,Rare,VeryRare,VeryRare,,,Rare,,,,VeryRare,Rare,,VeryRare,,Rare,,,,,,,,,,,,,,
CDA-X5_UnitCard,Cicada,CDA-X5,UnitType.Mech.Medium,Unit.Usage.Unique,1/1/3015,1039,Unit.Role.Striker,,0,3,Unique,,,,,,,,,,,Unique,,,,,VeryRare,,,,,,,,,,,,,,,,,,,,,,,,,,,,,,
COM-1B_UnitCard,Commando,COM-1B,UnitType.Mech.Light,Unit.Usage.Market,6/4/3015,616,Unit.Role.Striker|Unit.Role.Scout,,0,2,,,,,,,,Common,,VeryRare,VeryRare,,,Uncommon,,,,Common,,,,,,,,,,,,Common,,,,,,,,,,,,,,,,,
COM-1D_UnitCard,Commando,COM-1D,UnitType.Mech.Light,Unit.Usage.Market,1/1/2480,558,Unit.Role.Striker|Unit.Role.Scout,,0,1,,,,,,,,Common,,,,VeryRare,,Uncommon,,,,Common,,,,,,,,,,,,Common,,,,,,,,,,,,,,,,,
COM-2D_UnitCard,Commando,COM-2D,UnitType.Mech.Light,Unit.Usage.Market,1/1/2486,541,Unit.Role.Striker|Unit.Role.Scout,,0,1,,,,,,,,VeryCommon,Common,Common,Common,,Common,Uncommon,,,,VeryCommon,,,,,,,,,,,,VeryCommon,,,,VeryCommon,,,,,,,,,,,,,
COM-2P_UnitCard,Commando,COM-2P,UnitType.Mech.Light,Unit.Usage.Market,1/1/2692,590,Unit.Role.Striker|Unit.Role.Scout,,0,2,DLC1,,,,,,,,Rare,Common,Common,Rare,,,,,,,,,,,,,,,,,,,,,,,,,,,,,,,,,,,
COM-3A_UnitCard,Commando,COM-3A,UnitType.Mech.Light,Unit.Usage.Market,6/13/3025,540,Unit.Role.Striker|Unit.Role.Scout,,0,1,,,,,,,,Common,Uncommon,,,,Uncommon,Uncommon,,,,Common,,,,,,,,,,,,Common,,,,,,,,,,,,,,,,,
COM-TDK_UnitCard,Commando,COM-TDK,UnitType.Mech.Light,Unit.Usage.Unique,1/1/3015,784,Unit.Role.Striker|Unit.Role.Scout,,19,1,Unique,,,,,,,Unique,,,,,,,,,,Unique,,,,,,,,,,,,,,,,,,,,,,,,,,,,,
COR-LZ_UnitCard,Corsair,COR-LZ,UnitType.Mech.Assault,Unit.Usage.Special,1/1/3038,1725,Unit.Role.Sniper,,58,9,"DLC6, Unique",,,,,,,,,,,,,,,,,,,,,,,,,,,,,,,,,,,,,,,,,,,,,,
COR-PVT_UnitCard,Corsair,COR-PVT,UnitType.Mech.Assault,Unit.Usage.Special,1/1/3040,1646,Unit.Role.Sniper,,51,9,"DLC1,Unique",,,,,,,,,,,,,,Unique,,,,,,,,,,,,,,,,,,,,,,,,,,,,,,,,
COR-XT1_UnitCard,Corsair,COR-XT1,UnitType.Mech.Assault,Unit.Usage.Special.Salvageable,1/1/3036,1680,Unit.Role.Juggernaut,,55,9,DLC6,,,,,,,,,,,,,,,,,,,,,,,,,,,,,,,,,,Common,Uncommon,Common,,Common,Common,Common,,Common,Uncommon,Uncommon,Common,Common
CRB-20_UnitCard,Crab,CRB-20,UnitType.Mech.Medium,Unit.Usage.Market,1/1/2810,1143,Unit.Role.Skirmisher,,9,5,,,VeryRare,VeryRare,Rare,VeryRare,VeryRare,VeryRare,VeryRare,VeryRare,VeryRare,VeryRare,VeryRare,VeryRare,,,,VeryRare,Rare,VeryRare,VeryRare,,,VeryRare,,VeryRare,VeryRare,VeryRare,VeryRare,,VeryRare,,,Rare,,,,,,,,,,,,,
CRB-27_UnitCard,Crab,CRB-27,UnitType.Mech.Medium,Unit.Usage.Market,1/1/2719,1198,Unit.Role.Skirmisher,,15,5,,VeryCommon,,VeryRare,,,,,,,,,Uncommon,,,,,,,,,,,,,,,,,,,,,,,,,,,,,,,,,,
CRB-27b_UnitCard,Crab,CRB-27b,UnitType.Mech.Medium,Unit.Usage.Market,1/1/2719,1308,Unit.Role.Sniper,,25,5,Extinct in IS by 2900?,Common,,,,,,,,,,,,,,,,,,,,,,,,,,,,,,,,,,,,,,,,,,,,,
CRB-27sl_UnitCard,Crab,CRB-27sl,UnitType.Mech.Medium,Unit.Usage.Market,1/1/2750,1309,Unit.Role.Skirmisher,,25,5,,Rare,,,,,,,,,,,,,,,,VeryRare,,,VeryRare,,,VeryRare,,,,,,,,,,,,,,,,,,,,,,,
CRB-FL_UnitCard,Crab,CRB-FL,UnitType.Mech.Medium,Unit.Usage.Unique,3/18/3030,1121,Unit.Role.Skirmisher,,0,6,Unique,Unique,,,,,,,,,,,,,,,,,,,,,,,,,,,,,,,,,,,,,,,,,,,,,
CRD-2R_UnitCard,Crusader,CRD-2R,UnitType.Mech.Heavy,Unit.Usage.Market,1/1/2649,1533,Unit.Role.MissileBoat,,47,6,"DLC4, Extinct in IS",Rare,,,,,,,,,,,,,,,,,,,,,,,,,,,,,,,,,,,Uncommon,,Common,Uncommon,,,Uncommon,Uncommon,Uncommon,Uncommon,Uncommon
CRD-3D_UnitCard,Crusader,CRD-3D,UnitType.Mech.Heavy,Unit.Usage.Market,1/1/2756,1338,Unit.Role.MissileBoat,,41,6,DLC4,,Uncommon,,,,,,,,,,,Rare,,,,,,,,,,,,,,,,,,,,,,,Common,,,Uncommon,,,Uncommon,Uncommon,Uncommon,Uncommon,Uncommon
CRD-3K_UnitCard,Crusader,CRD-3K,UnitType.Mech.Heavy,Unit.Usage.Market,1/1/2765,1290,Unit.Role.MissileBoat,,38,6,DLC4,,,Uncommon,Common,,,,,,,,,,,,,,,,,,,,,,,,,,,,,,,,Uncommon,,,Common,,,Uncommon,Uncommon,Uncommon,Uncommon,Uncommon
CRD-3L_UnitCard,Crusader,CRD-3L,UnitType.Mech.Heavy,Unit.Usage.Market,1/1/2753,1297,Unit.Role.MissileBoat,,39,6,DLC4,,,,,Common,,,,,,Uncommon,,,,,,,,,,,,,,,,,,,,,,,,,Uncommon,Common,Common,,,,Uncommon,Uncommon,Uncommon,Uncommon,Uncommon
CRD-3R_UnitCard,Crusader,CRD-3R,UnitType.Mech.Heavy,Unit.Usage.Market,1/1/2752,1317,Unit.Role.MissileBoat,,39,6,DLC4,Common,Uncommon,Uncommon,Common,Common,Common,Common,Common,Common,Common,Common,Common,Common,Common,Common,Uncommon,Common,Common,Uncommon,Rare,Common,Rare,Uncommon,Common,Uncommon,Common,Rare,Common,Rare,Common,Uncommon,Common,Common,,,Uncommon,,,Common,,,Uncommon,Uncommon,Uncommon,Uncommon,Uncommon
CRD-4D_UnitCard,Crusader,CRD-4D,UnitType.Mech.Heavy,Unit.Usage.Market,1/1/3049,1309,Unit.Role.MissileBoat,,39,6,DLC4,,Rare,,,,,,,,,,,VeryRare,,,,,,,,,,,,,,,,,,,,,,,Common,,,Common,,,Uncommon,Uncommon,Uncommon,Uncommon,Uncommon
CRD-4K_UnitCard,Crusader,CRD-4K,UnitType.Mech.Heavy,Unit.Usage.Market,1/1/3049,1268,Unit.Role.MissileBoat,,37,6,DLC4,,Rare,Rare,Uncommon,,,Uncommon,Rare,,,,Rare,Uncommon,,,VeryRare,Rare,Rare,VeryRare,,Rare,,VeryRare,Rare,VeryRare,Rare,,Rare,,Rare,VeryRare,Rare,Rare,,,Common,,,Common,,,Uncommon,Uncommon,Uncommon,Uncommon,Uncommon
CRD-4L_UnitCard,Crusader,CRD-4L,UnitType.Mech.Heavy,Unit.Usage.Market,1/1/3049,1309,Unit.Role.MissileBoat,,39,6,DLC4,,,,,Uncommon,,,,,,,,,,,,,,,,,,,,,,,,,,,,,,,Common,,,Common,,,Uncommon,Uncommon,Uncommon,Uncommon,Uncommon
CRD-5M_UnitCard,Crusader,CRD-5M,UnitType.Mech.Heavy,Unit.Usage.Market,1/1/3049,1408,Unit.Role.Skirmisher,,42,7,DLC4,,Rare,Rare,Uncommon,Uncommon,Uncommon,Uncommon,Rare,,,Rare,Rare,Uncommon,,,VeryRare,Rare,Rare,VeryRare,,Rare,,VeryRare,Rare,VeryRare,Rare,,Rare,,Rare,VeryRare,Rare,Rare,,,Uncommon,Common,Common,Uncommon,,,Uncommon,Uncommon,Uncommon,Uncommon,Uncommon
CRD-5S_UnitCard,Crusader,CRD-5S,UnitType.Mech.Heavy,Unit.Usage.Market,1/1/3049,1446,Unit.Role.MissileBoat,,44,6,DLC4,,Rare,,,,,Uncommon,Rare,,,,Rare,Uncommon,,,VeryRare,Rare,Rare,VeryRare,,Rare,,VeryRare,Rare,VeryRare,Rare,,Rare,,Rare,VeryRare,Rare,Rare,,,Common,,,Common,,,Uncommon,Uncommon,Uncommon,Uncommon,Uncommon
CRD-CR_UnitCard,Crusader,CRD-CR,UnitType.Mech.Heavy,Unit.Usage.Unique,1/1/3040,1204,Unit.Role.Brawler,,34,7,"DLC4, Unique",,,,,,,,,,,Unique,,,,,,,,,,,,,,,,,,,,,,,,,,,,,,,,,,,
CRD-SA2_UnitCard,Crusader,CRD-SA,UnitType.Mech.Heavy,Unit.Usage.Special.Salvageable,1/1/3039,1410,Unit.Role.Sniper,,44,8,DLC6,,,,,,,,,,,,,,,,,,,,,,,,,,,,,,,,,,,Common,,,,Uncommon,,,Uncommon,Uncommon,Common,Uncommon,Common
CP-10-P_UnitCard,Cyclops,CP-10-P,UnitType.Mech.Assault,Unit.Usage.Market,1/1/3032,1226,Unit.Role.Brawler,,47,8,DLC3,,,,,,,,,Rare,VeryRare,VeryRare,,,,,,,,,,,,,,,,,,,,,,,,,Uncommon,,Common,Common,Common,,Common,Uncommon,Common,Uncommon,Uncommon
CP-10-Q_UnitCard,Cyclops,CP-10-Q,UnitType.Mech.Assault,Unit.Usage.Market,1/1/2801,1584,Unit.Role.MissileBoat,,49,8,,,Rare,Rare,Uncommon,Rare,VeryRare,Rare,Rare,,,Rare,Rare,Rare,,,,Rare,Uncommon,Rare,,,,,,,,,Rare,,Rare,Uncommon,Uncommon,Rare,,,,,,,,,,,,,
CP-10-Z_UnitCard,Cyclops,CP-10-Z,UnitType.Mech.Assault,Unit.Usage.Market,1/1/2710,1317,Unit.Role.Juggernaut,,49,8,,Uncommon,Rare,Rare,Rare,Uncommon,VeryRare,Rare,Rare,Rare,VeryRare,Rare,Rare,Rare,,,,Rare,Rare,Rare,,,,,,,,,Uncommon,,Rare,Common,Rare,,,,,,,,,,,,,,
CP-11-A_UnitCard,Cyclops,CP-11-A,UnitType.Mech.Assault,Unit.Usage.Market,8/28/3045,1547,Unit.Role.Sniper,,48,9,,,Rare,Rare,Uncommon,Rare,VeryRare,Rare,Rare,VeryRare,,Rare,Rare,Rare,,,,Rare,Uncommon,Rare,,,,,,,,,Rare,,Rare,Uncommon,Uncommon,,,,,,,,,,,,,,
CP-11-P_UnitCard,Cyclops,CP-11-P,UnitType.Mech.Assault,Unit.Usage.Market,8/28/3045,1652,Unit.Role.Brawler,,49,9,DLC1,Uncommon,VeryRare,VeryRare,Rare,Uncommon,VeryRare,VeryRare,VeryRare,,,VeryRare,VeryRare,VeryRare,,,,VeryRare,Rare,VeryRare,,,,,,,,,Uncommon,,VeryRare,,Rare,,,,,,,,,,,,,,
CP-S_UnitCard,Cyclops,CP-S,UnitType.Mech.Assault,Unit.Usage.Unique,10/1/3031,2160,Unit.Role.Sniper,,71,10,Unique,,,,,,,,Unique,,,,,,,,,,,,,,,,,,,,,,,,,,,,,,,,,,,,,,
DRG-1C_UnitCard,Dragon,DRG-1C,UnitType.Mech.Heavy,Unit.Usage.Market,1/1/2752,1115,Unit.Role.Skirmisher,,25,4,,,,Common,Common,,,,,VeryRare,,VeryRare,,,,,,,Common,,,,,,Rare,,,,,,,,,,,,,,,,,,,,,,
DRG-1G_UnitCard,Dragon,DRG-1G,UnitType.Mech.Heavy,Unit.Usage.Market,1/1/3024,1300,Unit.Role.Skirmisher,,40,5,"DLC2, Grand Dragon",,,Rare,Uncommon,,,,,,,,,,,,,,Uncommon,,,,,,,,,,,,,,,,,,,,,,,,,,,,
DRG-1G-S_UnitCard,Dragon,DRG-1G-S,UnitType.Mech.Heavy,Unit.Usage.Special,1/1/3024,1300,Unit.Role.Skirmisher,,40,5,"DLC5, Grand Dragon",,,,,,,,,,,,,,,,,,,,,,,,,,,,,,,,,,,,,,,,,,,,,,
DRG-1N_UnitCard,Dragon,DRG-1N,UnitType.Mech.Heavy,Unit.Usage.Market,1/1/2754,1025,Unit.Role.Skirmisher,,25,4,,,,VeryCommon,VeryCommon,,,,Uncommon,VeryRare,VeryRare,,Uncommon,,,,,,VeryCommon,,,,,,,,,,,,,,,VeryCommon,,,,,,,,,,,,,
DRG-5N_UnitCard,Dragon,DRG-5N,UnitType.Mech.Heavy,Unit.Usage.Market,1/1/3047,1123,Unit.Role.Skirmisher,,25,5,,,,VeryCommon,VeryCommon,,,,Uncommon,,,,Uncommon,,,,,,VeryCommon,,,,,,,,,,,,,,,,,,,,,,,,,,,,
DRG-Fang_UnitCard,Dragon,DRG-Fang,UnitType.Mech.Heavy,Unit.Usage.Unique,1/1/3015,1192,Unit.Role.Skirmisher,,0,5,Unique,,,,Unique,,,,,,,,,,,,,,Unique,,,,,,,,,,,,,,,,,,,,,,,,,,,,
DRG-Flame_UnitCard,Dragon,DRG-Flame,UnitType.Mech.Heavy,Unit.Usage.Unique,1/1/3015,1209,Unit.Role.Sniper,,0,5,Unique,,,,Unique,,,,,,,,,,,,,,Unique,,,,,,,,,,,,,,,,,,,,,,,,,,,,
DRG-SDW_UnitCard,Dragon,DRG-SDW,UnitType.Mech.Heavy,Unit.Usage.Special,1/1/3015,1539,Unit.Role.Brawler,,47,6,"DLC1,Unique",,,,,,,,,,,Unique,,,,,,,,,,,,,Uncommon,,,,,,,,,,,,,,,,,,,,,,
Demolisher_UnitCard,Demolisher,Demolisher,UnitType.Vehicle.Tracked.Tank.Demolisher,,1/1/2803,773,Unit.Role.Juggernaut,,40,3,Tank,Uncommon,Uncommon,Uncommon,Uncommon,Uncommon,Uncommon,Uncommon,Uncommon,Uncommon,Uncommon,Uncommon,Uncommon,Uncommon,,,,Uncommon,Uncommon,Uncommon,Uncommon,Uncommon,Uncommon,Uncommon,,Uncommon,Uncommon,Uncommon,Uncommon,Uncommon,Uncommon,,Uncommon,,,,,,,,,,,,,,
DV-6M_UnitCard,Dervish,DV-6M,UnitType.Mech.Medium,Unit.Usage.Market,1/1/2610,1146,Unit.Role.MissileBoat,,32,3,DLC1,Uncommon,VeryCommon,Rare,Rare,Uncommon,Rare,Common,Rare,Rare,Rare,Rare,Uncommon,VeryCommon,,,Uncommon,Common,Rare,VeryCommon,VeryCommon,,Common,Common,,VeryCommon,VeryCommon,VeryCommon,Uncommon,,VeryCommon,,Rare,,,,,,,,,,,,,,
DV-7D_UnitCard,Dervish,DV-7D,UnitType.Mech.Medium,Unit.Usage.Market,1/1/3047,1334,Unit.Role.MissileBoat,,39,4,DLC1,,VeryCommon,,,,,Uncommon,Rare,,,VeryRare,Rare,VeryCommon,,,Common,Uncommon,,VeryCommon,VeryCommon,,Uncommon,Uncommon,,VeryCommon,VeryCommon,VeryCommon,,,VeryCommon,,,,,,,,,,,,,,,,
DV-FR_UnitCard,Dervish,DV-FR,UnitType.Mech.Medium,Unit.Usage.Unique,11/12/3032,1406,Unit.Role.MissileBoat,,42,5,"DLC1,Unique",,,,,,,,Unique,,,,,,,,Common,,,,,,,,,,,,,,,,,,,,,,,,,,,,,,
ENF-4P_UnitCard,Enforcer,ENF-4P,UnitType.Mech.Medium,Unit.Usage.Market,1/1/2856,1171,Unit.Role.Skirmisher|Unit.Role.Scout,,12,6,,,,,,,,,,,,,,,,,,,,,,,,,,,,,,,,,,,,,,,,,,,,,,,
ENF-4R_UnitCard,Enforcer,ENF-4R,UnitType.Mech.Medium,Unit.Usage.Market,1/1/2777,1032,Unit.Role.Skirmisher,,9,4,,,VeryCommon,,,,,Rare,Uncommon,VeryRare,,Uncommon,Uncommon,Common,,,,Rare,,,VeryCommon,,Rare,Rare,,VeryCommon,VeryCommon,VeryCommon,,,VeryCommon,,,Rare,,,,,,,,,,,,,
ENF-5P_UnitCard,Enforcer,ENF-5P,UnitType.Mech.Medium,Unit.Usage.Market,1/1/2856,1009,Unit.Role.Skirmisher,,25,5,,,,,,,,,,,,,,,,,,,,,,,,,,,,,,,,,,,,,,,,,,,,,,,
ENF-GH_UnitCard,Enforcer,ENF-GH,UnitType.Mech.Medium,Unit.Usage.Unique,10/19/3045,1677,Unit.Role.Sniper,,49,6,"DLC1,Unique",,,,,,,,Unique,,,,,,,,,,,,,,,,,,,,,,,,,,,,,,,,,,,,,,
FS9-A_UnitCard,Firestarter,FS9-A,UnitType.Mech.Light,Unit.Usage.Market,1/1/2550,773,Unit.Role.Scout,,4,2,Extinct by 2901,Uncommon,,,,,,,,,,,,,,,,,,,,,,,,,,,,,,,,,,,,,,,,,,,,,
FS9-E_UnitCard,Firestarter,FS9-E,UnitType.Mech.Light,Unit.Usage.Unique,1/1/3015,575,Unit.Role.Scout,,4,2,Unique,,,,,,,,,,Unique,,,,,,,,,,,,,,,,,,,,,,,,,,,,,,,,,,,,
FS9-FS_UnitCard,Firestarter,FS9-FS,UnitType.Mech.Light,Unit.Usage.Unique,5/26/3027,687,Unit.Role.Striker,,4,2,Unique,,Unique,,,,,,,,,,,,,,,,,,,,,,,,,Unique,,,Unique,,,,,,,,,,,,,,,,
FS9-H_UnitCard,Firestarter,FS9-H,UnitType.Mech.Light,Unit.Usage.Market,1/1/2703,694,Unit.Role.Scout,,4,2,,Uncommon,Uncommon,Common,Common,VeryCommon,Uncommon,Uncommon,Common,Uncommon,Common,Common,Common,Uncommon,,,,Uncommon,Common,,Uncommon,,Uncommon,,,,,Uncommon,VeryCommon,Uncommon,Uncommon,,Common,,,,,,,,,,,,,,
FS9-K_UnitCard,Firestarter,FS9-K,UnitType.Mech.Light,Unit.Usage.Market,1/1/2550,763,Unit.Role.Scout,,4,2,Extinct by 2901,,,,,,,,,,,,,,,,,,,,,,,,,,,,,,,,,,,,,,,,,,,,,,
FS9-M_UnitCard,Firestarter,FS9-M,UnitType.Mech.Light,Unit.Usage.Market,1/1/2893,798,Unit.Role.Scout,,4,2,DLC2,,,,,,,Uncommon,,,,,,Rare,,,,Uncommon,,,,,Uncommon,,,,,,,Uncommon,,,,,,,,,,,,,,,,,
FS9-S_UnitCard,Firestarter,FS9-S,UnitType.Mech.Light,Unit.Usage.Market,1/1/3049,754,Unit.Role.Scout,,4,3,DLC1,,Common,Uncommon,Uncommon,Uncommon,Uncommon,Common,Uncommon,Uncommon,Uncommon,Uncommon,Uncommon,Common,,,,Common,Uncommon,,Common,,Common,,,,,Common,Uncommon,Common,Common,,Uncommon,,,,,,,,,,,,,,
FS9-S1_UnitCard,Firestarter,FS9-S1,UnitType.Mech.Light,Unit.Usage.Market,1/1/3049,820,Unit.Role.Scout,,4,3,DLC1,,Common,Uncommon,Uncommon,Uncommon,Uncommon,Common,Uncommon,Uncommon,Uncommon,Uncommon,Uncommon,Common,,,,Common,Uncommon,,Common,,Common,,,,,Common,Uncommon,Common,Common,,Uncommon,,,,,,,,,,,,,,
FS9-X1_UnitCard,Firestarter,FS9-X1,UnitType.Mech.Light,Unit.Usage.Special.Salvageable,1/1/3031,655,Unit.Role.Striker,,6,3,DLC6,,,,,,,,,,,,,,,,,,,,,,,,,,,,,,,,,,Uncommon,Common,Common,,,,,,Uncommon,Common,Common,Uncommon,Uncommon
FLE-15_UnitCard,Flea,FLE-15,UnitType.Mech.Light,Unit.Usage.Market,1/1/2523,430,Unit.Role.Scout,,2,1,,,,,,,Uncommon,,Uncommon,,,VeryRare,,,,,,,,,,,,,,,,,,,,,,,,,,,,,,,,,,,
FLE-17_UnitCard,Flea,FLE-17,UnitType.Mech.Light,Unit.Usage.Market,1/1/3049,510,Unit.Role.Striker,,3,1,DLC1,,,,,Uncommon,Uncommon,,Uncommon,Uncommon,Rare,,Rare,,,,,,,,,,,,,,,,Uncommon,,,,,,,,,,,,,,,,,,
GHR-4P_UnitCard,Grasshopper,GHR-4P,UnitType.Mech.Heavy,Unit.Usage.Market,1/1/2881,1483,Unit.Role.Skirmisher,,46,6,DLC1,,,,,,,,Rare,Uncommon,Uncommon,Uncommon,,,,,,,,,,,,,Common,,,,,,,,,,,,,,,,,,,,,,
GHR-5H_UnitCard,Grasshopper,GHR-5H,UnitType.Mech.Heavy,Unit.Usage.Market,1/1/2780,1427,Unit.Role.Skirmisher,,43,6,,Uncommon,Uncommon,Uncommon,Uncommon,Common,Uncommon,Uncommon,Uncommon,Uncommon,Rare,Uncommon,Uncommon,Uncommon,,,,Uncommon,Uncommon,,,Uncommon,Uncommon,,Common,,,,Common,,Uncommon,,Uncommon,Uncommon,,,,,,,,,,,,,
GHR-5J_UnitCard,Grasshopper,GHR-5J,UnitType.Mech.Heavy,Unit.Usage.Market,1/1/3049,1354,Unit.Role.Skirmisher,,41,6,,,Common,Uncommon,Rare,Rare,Uncommon,Uncommon,Uncommon,Uncommon,VeryRare,Uncommon,Uncommon,Uncommon,,,,Uncommon,Rare,,,Uncommon,Uncommon,,,,,,Rare,,Common,,Rare,,,,,,,,,,,,,,
GHR-5M_UnitCard,Grasshopper,GHR-5M,UnitType.Mech.Heavy,Unit.Usage.Market,1/1/3025,1350,Unit.Role.Skirmisher,,41,6,DLC3,,,,,,,,,Uncommon,Rare,Rare,,,,,,,,,,,,,,,,,,,,,,,,,Uncommon,Common,,Common,Common,,Common,Uncommon,Uncommon,Uncommon,Common
GHR-5N_UnitCard,Grasshopper,GHR-5N,UnitType.Mech.Heavy,Unit.Usage.Market,12/15/3040,1511,Unit.Role.Skirmisher,,47,6,,,Uncommon,Uncommon,Uncommon,Rare,Rare,Uncommon,Uncommon,Uncommon,VeryRare,Uncommon,Uncommon,Uncommon,,,,Uncommon,Uncommon,,,Uncommon,Uncommon,,,,,,Rare,,Uncommon,,Uncommon,Uncommon,,,,,,,,,,,,,
GHR-5P_UnitCard,Grasshopper,GHR-5P,UnitType.Mech.Heavy,Unit.Usage.Market,1/1/2880,1718,Unit.Role.Sniper,,55,7,,,,,,,,,,,,,,,,,,,,,,,,,Uncommon,,,,,,,,,,,,,,,,,,,,,,
GHR-MJ_UnitCard,Grasshopper,GHR-MJ,UnitType.Mech.Heavy,Unit.Usage.Unique,6/26/3035,2012,Unit.Role.Sniper,,66,8,Unique,,,Unique,,,,,,,,,,,,,,,,,,,,,Rare,,,,,,,,,,,,,,,,,,,,,,
GRF-1E_UnitCard,Griffin,GRF-1E,UnitType.Mech.Medium,Unit.Usage.Unique,1/19/3040,1449,Unit.Role.Skirmisher,,0,5,Unique,,,,,,,Unique,,,,,,,,,,Unique,,,,,,,,,,,,,,,,,,,,,,,,,,,,,
GRF-1N_UnitCard,Griffin,GRF-1N,UnitType.Mech.Medium,Unit.Usage.Market,1/1/2492,1272,Unit.Role.Sniper|Unit.Role.Skirmisher,,15,3,,Common,Common,Common,Common,Common,Uncommon,VeryCommon,Common,Common,Common,Common,Common,VeryCommon,,,,VeryCommon,Common,Common,Common,,,VeryCommon,,Common,Common,Common,Common,,Common,,Common,Common,,,,,,,,,,,,,
GRF-1P_UnitCard,Griffin,GRF-1P,UnitType.Mech.Medium,Unit.Usage.Market,1/1/3024,1255,Unit.Role.Skirmisher,,15,4,DLC3,,,,,,,,,Common,Common,Uncommon,,,,,,,,,,,,,,,,,,,,,,,,,Uncommon,Common,,Common,Common,,Uncommon,Uncommon,Uncommon,Common,Uncommon
GRF-1S_UnitCard,Griffin,GRF-1S,UnitType.Mech.Medium,Unit.Usage.Market,1/1/2857,1253,Unit.Role.Skirmisher,,15,4,,,,Common,,,,VeryCommon,Uncommon,VeryRare,,VeryRare,Common,Common,,,VeryRare,VeryCommon,,,,,,VeryCommon,,,,,,,,,,,,,,,,,,,,,,,
GRF-2N_UnitCard,Griffin,GRF-2N,UnitType.Mech.Medium,Unit.Usage.Market,1/1/2751,1606,Unit.Role.Skirmisher,,15,5,DLC1,Rare,,,,,,,,,,,,,,,Rare,,,,,,,,,,,,,,,,,,,,,,,,,,,,,,
GRF-3M_UnitCard,Griffin,GRF-3M,UnitType.Mech.Medium,Unit.Usage.Market,1/1/3049,1521,Unit.Role.Sniper,,15,5,,,Common,Common,Common,Uncommon,Uncommon,VeryCommon,Uncommon,,,Common,Uncommon,VeryCommon,,,Rare,VeryCommon,Common,Common,Common,,,VeryCommon,,Common,Common,Common,Uncommon,,Common,,Common,,,,,,,,,,,,,,
GRF-AR_UnitCard,Griffin,GRF-AR,UnitType.Mech.Medium,Unit.Usage.Unique,3/20/3027,1235,Unit.Role.Sniper,,0,4,Unique,,Unique,,,,,,,,,,,,,,,,,,,,,,,Unique,Unique,Unique,,,Unique,,,,,,,,,,,,,,,,
Harasser_LRM10_UnitCard,Harasser_LRM10,Harasser_LRM10,UnitType.Vehicle.Hover.Tank.Harasser,,1/1/2821,206,Unit.Role.MissileBoat,,0,1,Hover,Common,Common,Common,Common,Common,Common,Common,Common,Common,Common,Common,Common,Common,,,Common,Common,Common,Common,Common,Common,Common,Common,Common,Common,Common,Common,Common,Common,Common,Common,Common,,,,,,,,,,,,,,
Harasser_ML_x2_UnitCard,Harasser_ML_x2,Harasser_ML_x2,UnitType.Vehicle.Hover.Tank.Harasser,,1/1/2957,161,Unit.Role.Scout,,0,1,Hover,Common,Common,Common,Common,Common,Common,Common,Common,Common,Common,Common,Common,Common,,,Uncommon,Common,Common,Common,Common,Common,Common,Common,Uncommon,Common,Common,Common,Common,Common,Common,Uncommon,Common,,,,,,,,,,,,,,
HTM-26P_UnitCard,Hatamotochi,HTM-26P,UnitType.Mech.Assault,Unit.Usage.Market,1/1/3045,1309,Unit.Role.Brawler,,41,5,DLC3,,,,,,,,,VeryRare,VeryRare,,,,,,,,,,,,,,,,,,,,,Rare,,,,,Uncommon,,,Common,Common,,Common,Uncommon,Common,Uncommon,Common
HTM-26T_UnitCard,Hatamotochi,HTM-26T,UnitType.Mech.Assault,Unit.Usage.Market,4/1/3039,1536,Unit.Role.Brawler,,48,5,DLC1,,,VeryRare,Uncommon,,,,,,,,,,,,,,Uncommon,,,,,,,,,,,,,Uncommon,,,,,,,,,,,,,,,
HTM-26T-S_UnitCard,Hatamotochi,HTM-26T-S,UnitType.Mech.Assault,Unit.Usage.Special,4/1/3039,1536,Unit.Role.Brawler,,48,5,DLC5,,,,,,,,,,,,,,,,,,,,,,,,,,,,,,,,,,,,,,,,,,,,,,
HTM-27T_UnitCard,Hatamotochi,HTM-27T,UnitType.Mech.Assault,Unit.Usage.Market,11/20/3042,1571,Unit.Role.Brawler,,48,5,DLC1,,,VeryRare,Rare,,,,,,,,,,,,,,Rare,,,,,,,,,,,,,Rare,,,,,,,,,,,,,,,
HTM-27W_UnitCard,Hatamotochi,HTM-27W,UnitType.Mech.Assault,Unit.Usage.Market,1/1/3048,1563,Unit.Role.Sniper,,48,5,DLC1,,,VeryRare,Rare,,,,,,,,,,,,,,Rare,,,,,,,,,,,,,,,,,,,,,,,,,,,,
HTM-ON_UnitCard,Hatamotochi,HTM-ON,UnitType.Mech.Assault,Unit.Usage.Special,1/1/3034,1512,Unit.Role.Brawler,,48,5,"DLC3,Unique",,,,Unique,,,,,,Unique,,,,,,,,Unique,,,,,,,,,,,,,,,,,,,,,,,,,,,,
HCT-3F_UnitCard,Hatchetman,HCT-3F,UnitType.Mech.Medium,Unit.Usage.Market,1/1/3023,854,Unit.Role.Skirmisher,,4,3,DLC3,,Rare,,,,,Uncommon,,,,,,Uncommon,,,Rare,Uncommon,,Rare,Rare,,Uncommon,Uncommon,,,,Rare,,,Rare,,Rare,,,,Uncommon,,Common,,Common,,Uncommon,Common,Common,Common,Uncommon
HCT-5S_UnitCard,Hatchetman,HCT-5S,UnitType.Mech.Medium,Unit.Usage.Market,1/1/3049,1039,Unit.Role.Skirmisher,,5,5,DLC3,,Rare,,,,,Rare,,,,,,Rare,,,,Rare,,Rare,Rare,,Rare,Rare,,,,Rare,,,Rare,,Rare,,,,Uncommon,,Common,,Common,,Uncommon,Common,Common,Common,Uncommon
HCT-MA_UnitCard,Hatchetman,HCT-MA,UnitType.Mech.Medium,Unit.Usage.Unique,1/1/3039,962,Unit.Role.Skirmisher,,5,4,"DLC3, Unique",,Unique,,,,,,,,,,,Unique,,,,,,,,,,,,,,,,,,,,,,,,,,,,,,,,,
HGN-732_UnitCard,Highlander,HGN-732,UnitType.Mech.Assault,Unit.Usage.Market,1/1/2592,2227,Unit.Role.Sniper,,74,9,,Uncommon,,,,,,,,,,,Rare,,,,,,,,,,,,,,,,,,,,,,,,,,,,,,,,,,
HGN-732b_UnitCard,Highlander,HGN-732b,UnitType.Mech.Assault,Unit.Usage.Market,1/1/2598,2335,Unit.Role.MissileBoat,,78,9,Extinct in IS by 2901?,Rare,,,,,,,,,,,,,,,,,,,,,,,,,,,,,,,,,,,,,,,,,,,,,
HGN-733_UnitCard,Highlander,HGN-733,UnitType.Mech.Assault,Unit.Usage.Market,1/1/2866,1801,Unit.Role.Juggernaut,,58,9,,,,,Rare,Rare,,VeryRare,,,,VeryRare,,VeryRare,,,,VeryRare,Rare,,,VeryRare,,,,,,,Rare,,,,,,,,,,,,,,,,,,
HGN-733C_UnitCard,Highlander,HGN-733C,UnitType.Mech.Assault,Unit.Usage.Market,1/1/2866,1857,Unit.Role.Juggernaut,,60,9,,,,,,Rare,,Rare,,,,VeryRare,,VeryRare,,,,Rare,,,,Rare,,,,,,,Rare,,,,,,,,,,,,,,,,,,
HGN-733P_UnitCard,Highlander,HGN-733P,UnitType.Mech.Assault,Unit.Usage.Market,1/1/2866,1865,Unit.Role.Sniper,,60,9,,,,,,VeryRare,,Rare,,,,VeryRare,,VeryRare,,,,Rare,,,,Rare,,,,,,,VeryRare,,,Rare,,,,,,,,,,,,,,,
HGN-733PP_UnitCard,Highlander,HGN-733PP,UnitType.Mech.Assault,Unit.Usage.Market,1/1/3031,1792,Unit.Role.Sniper,,58,9,DLC3,,,,,,,,,VeryRare,VeryRare,VeryRare,,,,,,,,,,,,,,,,,,,,,,,,,Common,,,Common,,,Uncommon,Uncommon,Common,Common,Uncommon
HGN-HM_UnitCard,Highlander,HGN-HM,UnitType.Mech.Assault,Unit.Usage.Unique,7/15/3018,2065,Unit.Role.Sniper,,68,9,Unique,,,,,,,,Unique,,,,,,,,,,,,,,,,,,,,,,,,,,,,,,,,,,,,,,
HGN-RS_UnitCard,Highlander,HGN-RS,UnitType.Mech.Assault,Unit.Usage.Special,1/1/3028,1731,Unit.Role.Juggernaut,,58,9,"DLC3,Unique",,,,,,,Unique,Unique,,,,,,,,,Unique,,,,,,,,,,,,,,,,,,,,,,,,,,,,,
HGN-VEST_UnitCard,Highlander,HGN-VEST,UnitType.Mech.Assault,Unit.Usage.Special.Salvageable,1/1/3029,1619,Unit.Role.Juggernaut,,56,9,DLC6,,,,,,,,,,,,,,,,,,,,,,,,,,,,,,,,,,Common,,,Common,,Uncommon,Common,,Uncommon,Common,Common,Uncommon,Common
HBK-4G_UnitCard,Hunchback,HBK-4G,UnitType.Mech.Medium,Unit.Usage.Market,1/1/2572,1041,Unit.Role.Juggernaut,,7,4,,Common,Common,Uncommon,Uncommon,VeryCommon,VeryCommon,Common,Common,Uncommon,Common,Common,Common,Uncommon,,,,Common,Uncommon,Common,Common,,Common,Common,,Common,Common,Common,VeryCommon,,Common,,Uncommon,Common,,,,,,,,,,,,,
HBK-4H_UnitCard,Hunchback,HBK-4H,UnitType.Mech.Medium,Unit.Usage.Market,1/1/2819,1067,Unit.Role.Juggernaut,,11,4,,,Rare,Rare,Rare,Uncommon,Common,Uncommon,Common,Uncommon,Uncommon,Rare,Rare,Uncommon,,,,Uncommon,Rare,Rare,Rare,,Uncommon,Uncommon,,Rare,Rare,Rare,Uncommon,,Rare,,Rare,,,,,,,,,,,,,,
HBK-4HP_UnitCard,Hunchback,HBK-4HP,UnitType.Mech.Medium,Unit.Usage.Market,1/1/3025,995,Unit.Role.Juggernaut,,7,3,DLC3,,,,,,,,,Uncommon,Uncommon,Rare,,,,,VeryRare,,,,,,,,,,,,,,,,,,,,Uncommon,,Common,Common,Common,,Uncommon,Uncommon,Uncommon,Common,Uncommon
HBK-4J_UnitCard,Hunchback,HBK-4J,UnitType.Mech.Medium,Unit.Usage.Market,1/1/2856,1143,Unit.Role.MissileBoat,,18,5,,,Uncommon,Rare,Rare,Rare,Common,Rare,Common,Rare,VeryRare,VeryRare,VeryRare,Rare,,,,Rare,Rare,Uncommon,Uncommon,,Rare,Rare,,Uncommon,Uncommon,Uncommon,Rare,,Uncommon,,Rare,,,,,,,,,,,,,,
HBK-4P_UnitCard,Hunchback,HBK-4P,UnitType.Mech.Medium,Unit.Usage.Market,1/1/2937,1138,Unit.Role.Juggernaut,,11,5,,,Rare,Rare,Rare,Uncommon,Common,Uncommon,Common,VeryRare,VeryRare,Rare,Uncommon,Uncommon,,,,Uncommon,Rare,Rare,Rare,,Uncommon,Uncommon,,Rare,Rare,Rare,Uncommon,,Rare,,Rare,,,,,,,,,,,,,,
HBK-4SP_UnitCard,Hunchback,HBK-4SP,UnitType.Mech.Medium,Unit.Usage.Market,3/27/3025,1043,Unit.Role.Juggernaut,,9,3,,,Rare,Rare,Rare,Common,Common,Rare,Common,Uncommon,Rare,Rare,Common,Rare,,,,Rare,Rare,Rare,Rare,,Rare,Rare,,Rare,Rare,Rare,Common,,Rare,,Rare,,,,,,,,,,,,,,
HBK-GI_UnitCard,Hunchback,HBK-GI,UnitType.Mech.Medium,Unit.Usage.Unique,1/1/3015,1268,Unit.Role.Sniper,,0,3,Unique,,,,,,,,,,,,,,,Unique,,,,,,,,,,,,,,,,,,,,,,,,,,,,,,,
HBK-VEST_UnitCard,Hunchback,HBK-VEST,UnitType.Mech.Medium,Unit.Usage.Special.Salvageable,1/1/3033,1050,Unit.Role.Skirmisher,,13,5,DLC6,,,,,,,,,,,,,,,,,,,,,,,,,,,,,,,,,,Common,,,Uncommon,Common,,,,Common,Common,Uncommon,Uncommon,Uncommon
JM6-A_UnitCard,JagerMech,JM6-A,UnitType.Mech.Heavy,Unit.Usage.Market,1/1/2778,1122,Unit.Role.MissileBoat,,32,5,,,Common,,,,,,,,,VeryRare,,Uncommon,,,,,,,,,,,,,,,,,Common,,,,,,,,,,,,,,,,
JM6-DD_UnitCard,JagerMech,JM6-DD,UnitType.Mech.Heavy,Unit.Usage.Market,1/1/3049,965,Unit.Role.Sniper,,26,6,,,Common,VeryRare,VeryRare,,,Rare,Rare,Rare,,,Rare,Uncommon,,,,Rare,VeryRare,,,Rare,Rare,,,,,,,,Common,,,,,,,,,,,,,,,,
JM6-FB_UnitCard,JagerMech,JM6-FB,UnitType.Mech.Heavy,Unit.Usage.Unique,1/1/3015,1269,Unit.Role.Sniper,,37,6,Unique,,,,,,,,Unique,,,,,,,,,,,,,,,,,,,,,,,,,,,,,,,,,,,,,,
JM6-S_UnitCard,JagerMech,JM6-S,UnitType.Mech.Heavy,Unit.Usage.Market,1/1/2774,901,Unit.Role.Sniper,,23,4,,Rare,VeryCommon,VeryRare,,Uncommon,,,Uncommon,,,Uncommon,Rare,Common,,,,,,,,,,,,,,,Uncommon,,VeryCommon,,,,,,,,,,,,,,,,
JVN-10F_UnitCard,Javelin,JVN-10F,UnitType.Mech.Light,Unit.Usage.Market,1/1/2819,835,Unit.Role.Striker|Unit.Role.Scout,,3,2,,,Common,Rare,Uncommon,Uncommon,Rare,Rare,Uncommon,Uncommon,Uncommon,Uncommon,Uncommon,Uncommon,,,,Rare,Uncommon,,Common,,,,,,,Common,Uncommon,Rare,Common,,Uncommon,Uncommon,,,,,,,,,,,,,
JVN-10N_UnitCard,Javelin,JVN-10N,UnitType.Mech.Light,Unit.Usage.Market,1/1/2751,594,Unit.Role.Striker|Unit.Role.Scout,,2,2,,Common,Common,Rare,Uncommon,Uncommon,Rare,Rare,Uncommon,Uncommon,Uncommon,Uncommon,Uncommon,Uncommon,,,,Rare,Uncommon,,Common,,,,,,,Common,Uncommon,Rare,Common,,Uncommon,Uncommon,,,,,,,,,,,,,
JVN-10P_UnitCard,Javelin,JVN-10P,UnitType.Mech.Light,Unit.Usage.Market,1/1/3049,590,Unit.Role.Striker|Unit.Role.Scout,,15,2,,,Common,,,,,VeryRare,Uncommon,,,,Uncommon,Uncommon,,,,VeryRare,,,Common,,,,,,,Common,,VeryRare,Common,,,,,,,,,,,,,,,,
JVN-HT_UnitCard,Javelin,JVN-HT,UnitType.Mech.Light,Unit.Usage.Unique,1/1/3015,886,Unit.Role.Striker|Unit.Role.Scout,,0,2,Unique,,Unique,,,,,,,,,,,,,,,,,,Unique,,,,,,,Unique,,,Unique,,,,,,,,,,,,,,,,
JR7-D_UnitCard,Jenner,JR7-D,UnitType.Mech.Light,Unit.Usage.Market,1/1/2785,675,Unit.Role.Striker,,3,3,,,Rare,VeryCommon,VeryCommon,Rare,Rare,Rare,Uncommon,Rare,Rare,Uncommon,Uncommon,Rare,,,VeryCommon,Rare,VeryCommon,,Rare,,,,,,,Rare,Rare,Rare,Rare,,VeryCommon,Rare,,,,,,,,,,,,,
JR7-F_UnitCard,Jenner,JR7-F,UnitType.Mech.Light,Unit.Usage.Market,1/1/2784,811,Unit.Role.Striker|Unit.Role.Scout,,6,3,,,,,Common,,,,,,VeryRare,,,,,,Rare,,Common,,,,,,,,,,,,,,Common,,,,,,,,,,,,,,
JR7-K_UnitCard,Jenner,JR7-K,UnitType.Mech.Light,Unit.Usage.Market,4/30/3047,689,Unit.Role.Striker|Unit.Role.Scout,,15,3,,,,Common,Common,,,,Uncommon,Rare,,,Uncommon,,,,,,Common,,,,,,,,,,,,,,Common,,,,,,,,,,,,,,
JR7-O_UnitCard,Jenner,JR7-O,UnitType.Mech.Light,Unit.Usage.Unique,1/1/3015,603,Unit.Role.MissileBoat,,12,3,Unique,,,,,,Unique,,,,,,,,,,,,,,,,,,,,,,,,,,,,,,,,,,,,,,,,
JR7-P_UnitCard,Jenner,JR7-P,UnitType.Mech.Light,Unit.Usage.Market,1/1/2857,902,Unit.Role.Striker|Unit.Role.Scout,,6,3,DLC1,,,,,,,,Uncommon,Rare,Rare,Uncommon,,,,,,,,,,,,,,,,,,,,,,,,,,,,,,,,,,,
KGC-000_UnitCard,King Crab,KGC-000,UnitType.Mech.Assault,Unit.Usage.Market,1/1/2743,1906,Unit.Role.Juggernaut,,70,10,,Uncommon,,VeryRare,,,,,,,,,Rare,,,,,,,,,,,,,,,,,,,,,,,,,,,,,,,,,,
KGC-0000_UnitCard,King Crab,KGC-0000,UnitType.Mech.Assault,Unit.Usage.Market,1/1/2815,1810,Unit.Role.Juggernaut,,70,10,,VeryRare,VeryRare,VeryRare,VeryRare,VeryRare,VeryRare,VeryRare,,,,,,VeryRare,,,,VeryRare,VeryRare,VeryRare,,,,,,,,,VeryRare,,,Uncommon,,,,,,,,,,,,,,,
KGC-000b_UnitCard,King Crab,KGC-000b,UnitType.Mech.Assault,Unit.Usage.Market,1/1/2743,2039,Unit.Role.Juggernaut,,70,10,Extinct in IS by 2781?,Rare,,,,,,,,,,,,,,,,,,,,,,,,,,,,,,,,,,,,,,,,,,,,,
KGC-CAR_UnitCard,King Crab,KGC-CAR,UnitType.Mech.Assault,Unit.Usage.Special,1/1/3040,1857,Unit.Role.Sniper,,58,10,"DLC1,Unique",,,,,,,,,,,,,,,,,,,,,,,,,,,,,,,,,,,,,,,,,,,,,,
KGC-KJ_UnitCard,King Crab,KGC-KJ,UnitType.Mech.Assault,Unit.Usage.Unique,11/12/3032,2117,Unit.Role.Juggernaut,,70,10,Unique,,,,,,,,Unique,,,,,,,,,,,,,,,,,,,,,,,,,,,,,,,,,,,,,,
KTO-18_UnitCard,Kintaro,KTO-18,UnitType.Mech.Medium,Unit.Usage.Market,1/1/2792,1187,Unit.Role.Brawler|Unit.Role.Juggernaut,,20,5,,,Uncommon,,Rare,,,,,,,,,Rare,,,,,Rare,Uncommon,Uncommon,,,,,Uncommon,Uncommon,Uncommon,,,Uncommon,,,,,,,,,,,,,,,,
KTO-18P_UnitCard,Kintaro,KTO-18P,UnitType.Mech.Medium,Unit.Usage.Market,1/1/3037,1155,Unit.Role.Brawler,,19,5,DLC3,,,,,,,,,VeryRare,VeryRare,,,,,,,,,,,,,,,,,,,,,,,,,,Common,,,,Common,,Common,Common,Uncommon,Uncommon,Common
KTO-19_UnitCard,Kintaro,KTO-19,UnitType.Mech.Medium,Unit.Usage.Market,1/1/2587,1160,Unit.Role.Skirmisher,,20,5,,Uncommon,,,VeryRare,,,,,,,,Rare,,,,,,VeryRare,,,,,,,,,,,,,,,,,,,,,,,,,,,,
KTO-19b_UnitCard,Kintaro,KTO-19b,UnitType.Mech.Medium,Unit.Usage.Market,1/1/2731,1265,Unit.Role.Skirmisher,,20,6,"DLC2, Extinct in IS by 2901",VeryRare,,,,,,,,,,,,,,,,,,,,,,,,,,,,,,,,,,,,,,,,,,,,,
KTO-20_UnitCard,Kintaro,KTO-20,UnitType.Mech.Medium,Unit.Usage.Market,3/22/3035,1357,Unit.Role.Skirmisher,,20,6,,Uncommon,,,Common,,,,,,,,Rare,,,,,,Common,,,,,,,,,,,,,,,,,,,,,,,,,,,,
KTO-GB_UnitCard,Kintaro,KTO-GB,UnitType.Mech.Medium,Unit.Usage.Unique,1/1/3015,1133,Unit.Role.Brawler,,0,6,Unique,,,,Unique,,,,,,,,,,,,Unique,,Unique,,,,,,,,,,,,,,,,,,,,,,,,,,,,
LCT-1E_UnitCard,Locust,LCT-1E,UnitType.Mech.Light,Unit.Usage.Market,1/1/2811,553,Unit.Role.Scout,,4,1,,,Uncommon,Common,Uncommon,VeryCommon,Common,Uncommon,Uncommon,Rare,VeryRare,Rare,Uncommon,Uncommon,,,,Uncommon,Uncommon,,Uncommon,,,,,,,Uncommon,VeryCommon,Uncommon,Uncommon,,Uncommon,,,,,,,,,,,,,,
LCT-1M_UnitCard,Locust,LCT-1M,UnitType.Mech.Light,Unit.Usage.Market,1/1/2571,424,Unit.Role.MissileBoat|Unit.Role.Scout,,0,1,,,Common,,,,,,,,,,,Uncommon,,,,,,,Common,,,,,,,Common,,,Common,,,,,,,,,,,,,,,,
LCT-1S_UnitCard,Locust,LCT-1S,UnitType.Mech.Light,Unit.Usage.Market,1/1/2567,440,Unit.Role.Scout,,0,1,DLC2,,,,,,,Common,,,,,,Uncommon,,,,Common,,,,,,,,,,,,Common,,,,,,,,,,,,,,,,,
LCT-1V_UnitCard,Locust,LCT-1V,UnitType.Mech.Light,Unit.Usage.Market,1/1/2499,432,Unit.Role.Scout,,0,1,,Common,VeryCommon,VeryCommon,VeryCommon,VeryCommon,VeryCommon,VeryCommon,VeryCommon,VeryCommon,VeryCommon,VeryCommon,VeryCommon,VeryCommon,,,,VeryCommon,VeryCommon,,VeryCommon,,,,,,,VeryCommon,VeryCommon,VeryCommon,VeryCommon,,VeryCommon,,,,,,,,,,,,,,
LCT-3S_UnitCard,Locust,LCT-3S,UnitType.Mech.Light,Unit.Usage.Market,1/1/3049,483,Unit.Role.Striker|Unit.Role.Scout,,0,1,,,Rare,Rare,,,,VeryCommon,Rare,,,,Rare,VeryCommon,,,,VeryCommon,,,Rare,,,,,,,Rare,,VeryCommon,Rare,,,,,,,,,,,,,,,,
LCT-3V_UnitCard,Locust,LCT-3V,UnitType.Mech.Light,Unit.Usage.Market,1/1/3004,490,Unit.Role.Scout,,3,1,,,Rare,Rare,Rare,VeryRare,Rare,Rare,Rare,Rare,Rare,VeryRare,Rare,Rare,,,,Rare,Rare,,Rare,,,,,,,Rare,VeryRare,Rare,Rare,,Rare,,,,,,,,,,,,,,
LCT-PB_UnitCard,Locust,LCT-PB,UnitType.Mech.Light,Unit.Usage.Unique,8/30/3026,462,Unit.Role.Scout,,6,3,"DLC1,Unique",,,,,,,,Unique,,,,,,,,,,,,,,,,,,,,,,,,,,,,,,,,,,,,,,
LDK-IDM_UnitCard,RoughnecK,LDK-IDM,UnitType.Mech.Heavy,Unit.Usage.Special,1/1/3037,1340,Unit.Role.SkirmisheR,,49,8,"DLC6, Unique",,,,,,,,,,,,,,,,,,,,,,,,,,,,,,,,,,,,,,,,,,,,,,
LDK-SA5_UnitCard,Roughneck,LDK-SA5,UnitType.Mech.Heavy,Unit.Usage.Special.Salvageable,1/1/3032,1434,Unit.Role.Sniper,,44,6,DLC6,,,,,,,,,,,,,,,,,,,,,,,,,,,,,,,,,,,,,,Common,,Common,,Common,Uncommon,Uncommon,Uncommon,Common
LDK-X1A_UnitCard,Roughneck,LDK-X1A,UnitType.Mech.Heavy,Unit.Usage.Special.Salvageable,1/1/3028,1233,Unit.Role.Brawler,,41,8,DLC6,,,,,,,,,,,,,,,,,,,,,,,,,,,,,,,,,,,,Uncommon,,Common,,,,Common,Uncommon,Uncommon,Uncommon,Common
LDK-X1B_UnitCard,Roughneck,LDK-X1B ,UnitType.Mech.Heavy,Unit.Usage.Special.Salvageable,1/1/3028,1123,Unit.Role.Juggernaut,,41,8,DLC6,,,,,,,,,,,,,,,,,,,,,,,,,,,,,,,,,,,,,,Common,,Common,,Common,Uncommon,Uncommon,Uncommon,Common
LDK-X2A_UnitCard,Roughneck,LDK-X2A,UnitType.Mech.Heavy,Unit.Usage.Special.Salvageable,1/1/3030,1237,Unit.Role.Brawler,,42,6,DLC6,,,,,,,,,,,,,,,,,,,,,,,,,,,,,,,,,,,,,,Common,,,,Common,Uncommon,Uncommon,Uncommon,Common
LDK-X3A_UnitCard,Roughneck,LDK-X3A,UnitType.Mech.Heavy,Unit.Usage.Special.Salvageable,1/1/3030,1530,Unit.Role.Juggernaut,,42,6,DLC6,,,,,,,,,,,,,,,,,,,,,,,,,,,,,,,,,,,,Uncommon,,Uncommon,,Common,Uncommon,Common,Uncommon,Uncommon,Uncommon,Common
LGB-0W_UnitCard,Longbow,LGB-0W,UnitType.Mech.Assault,Unit.Usage.Market,1/1/2529,1337,Unit.Role.MissileBoat,,40,9,DLC5,,Uncommon,Uncommon,Uncommon,Uncommon,Uncommon,Uncommon,Uncommon,Uncommon,Uncommon,Uncommon,Uncommon,Uncommon,Uncommon,Uncommon,,Rare,Rare,Uncommon,,,,,,,,,Uncommon,,,Uncommon,Uncommon,Common,,,Uncommon,,,Uncommon,,,Uncommon,Uncommon,Uncommon,Uncommon,Uncommon
LGB-0W2_UnitCard,Longbow,LGB-0W2,UnitType.Mech.Assault,Unit.Usage.Market,1/1/2531,1410,Unit.Role.MissileBoat,,42,9,DLC5,,Uncommon,Uncommon,Uncommon,Uncommon,Uncommon,Uncommon,Uncommon,Uncommon,Uncommon,Uncommon,Uncommon,Uncommon,Uncommon,Uncommon,,Rare,Rare,Uncommon,,,,,,,,,Uncommon,,,Uncommon,Uncommon,Uncommon,,,Uncommon,,,Uncommon,,,Uncommon,Uncommon,Uncommon,Uncommon,Uncommon
LGB-7Q_UnitCard,Longbow,LGB-7Q,UnitType.Mech.Assault,Unit.Usage.Market,1/1/2610,1618,Unit.Role.MissileBoat,,50,8,DLC5,Uncommon,Uncommon,Uncommon,Uncommon,Uncommon,Uncommon,Uncommon,Uncommon,Uncommon,Uncommon,Uncommon,Uncommon,Uncommon,Uncommon,Uncommon,,Rare,Rare,Uncommon,,,,,,,,,Uncommon,,,Uncommon,Uncommon,Common,,,Uncommon,,,Uncommon,,,Uncommon,Uncommon,Uncommon,Uncommon,Uncommon
LGB-8C_UnitCard,Longbow,LGB-8C,UnitType.Mech.Assault,Unit.Usage.Market,1/1/2615,1653,Unit.Role.MissileBoat,,52,8,DLC5,Uncommon,Uncommon,Uncommon,Uncommon,Uncommon,Uncommon,Uncommon,Uncommon,Uncommon,Uncommon,Uncommon,Uncommon,Uncommon,Uncommon,Uncommon,,Rare,Rare,Uncommon,,,,,,,,,Uncommon,,,Uncommon,Uncommon,Uncommon,,,Uncommon,,,Uncommon,,,Uncommon,Uncommon,Uncommon,Uncommon,Uncommon
LGB-HS_UnitCard,Longbow,LGB-HS,UnitType.Mech.Assault,Unit.Usage.Unique,1/1/3045,1688,Unit.Role.MissileBoat,,53,9,"DLC5,Unique",,,,,,,,,,,,,,,,,,,,,,,,,,,,,,,,,,,,,,,,,,,,,,
MAD-2R_UnitCard,Marauder,MAD-2R,UnitType.Mech.Heavy,Unit.Usage.Market,1/1/2760,1630,Unit.Role.Sniper,,47,7,"DLC2, Extinct in IS by 2901",Rare,,,,,,,,,,,,,,,,,,,,,,,Common,,,,,,,,,,,,,,,,,,,,,,
MAD-3D_UnitCard,Marauder,MAD-3D,UnitType.Mech.Heavy,Unit.Usage.Market,1/1/2834,1470,Unit.Role.Brawler,,45,7,DLC2,,Uncommon,,,,,,,,,,,Rare,,,,,,,,,,,,,,,,,Uncommon,,,,,,,,,,,,,,,,
MAD-3L_UnitCard,Marauder,MAD-3L,UnitType.Mech.Heavy,Unit.Usage.Market,1/1/2905,1369,Unit.Role.Brawler,,44,7,DLC2,,,,,Rare,,,,,,Rare,,,,,,,,,,,,,Uncommon,,,,Rare,,,,,,,,,,,,,,,,,,
MAD-3M_UnitCard,Marauder,MAD-3M,UnitType.Mech.Heavy,Unit.Usage.Market,1/1/2873,1335,Unit.Role.Brawler,,44,7,DLC2,,,,,,Rare,,,,,,,,,,,,,,,,,,Uncommon,,,,,,,,,,,,,,,,,,,,,,
MAD-3R_UnitCard,Marauder,MAD-3R,UnitType.Mech.Heavy,Unit.Usage.Market,1/1/2819,1363,Unit.Role.Sniper,,44,7,,,Uncommon,Rare,Rare,Rare,Rare,Uncommon,Uncommon,Rare,Uncommon,Uncommon,Uncommon,Uncommon,,,,Uncommon,Rare,,,Uncommon,Uncommon,,,,,,Rare,,Uncommon,,Rare,Uncommon,,,,,,,,,,,,,
MAD-5D_UnitCard,Marauder,MAD-5D,UnitType.Mech.Heavy,Unit.Usage.Market,1/1/3047,1787,Unit.Role.Skirmisher,,50,7,,,Uncommon,Rare,,,,Uncommon,Uncommon,,,,Uncommon,Uncommon,,,,Uncommon,,,,Uncommon,Uncommon,,Rare,,,,,,Uncommon,,,,,,,,,,,,,,,,
MAD-BH_UnitCard,Marauder,MAD-BH,UnitType.Mech.Heavy,Unit.Usage.Special,1/1/3015,1919,Unit.Role.Juggernaut,,55,8,"DLC4, Unique",,,,,,,,Unique,,,,,,,,,,,,,,,,,,,,,,,,,,,,,,,,,,,,,,
MAD-BH2_UnitCard,Marauder,MAD-BH2,UnitType.Mech.Heavy,Unit.Usage.Unique,9/1/3044,2103,Unit.Role.Sniper,,60,8,Unique,,,,,,,,,,,,,,,,,,,,,,,,Rare,,,,,,,,,,,,,,,,,,,,,,
MAD-4A_UnitCard,Marauderii,MAD-4A,UnitType.Mech.Assault,Unit.Usage.Market,1/1/3012,2073,Unit.Role.Juggernaut,,67,6,DLC1,,,,,,,,Rare,,,,VeryRare,,,,,,,,,,,,,,,,,,,,,Rare,,,,,,,,,,,,,
MAD-5A_UnitCard,Marauderii,MAD-5A,UnitType.Mech.Assault,Unit.Usage.Market,1/1/3049,2058,Unit.Role.Sniper,,66,8,DLC1,,,,,,,,VeryRare,,,,,,,,,,,,,,,,,,,,,,,,,Rare,,,,,,,,,,,,,
MAL-1P_UnitCard,Mauler,MAL-1P,UnitType.Mech.Assault,Unit.Usage.Market,1/1/3041,1348,Unit.Role.Sniper,,40,9,,,,,,,,,,,,,,,,,,,,,,,,,,,,,,,,,,,,,,,,,,,,,,,
MAL-1R_UnitCard,Mauler,MAL-1R,UnitType.Mech.Assault,Unit.Usage.Market,8/13/3048,1586,Unit.Role.Sniper,,49,9,,,,Rare,Uncommon,,,,Rare,,VeryRare,,,,,,,,Uncommon,,,,,,,,,,,,,,Uncommon,,,,,,,,,,,,,,
MAL-2P_UnitCard,Mauler,MAL-2P,UnitType.Mech.Assault,Unit.Usage.Market,1/1/3041,1792,Unit.Role.Juggernaut,,57,9,,,,,,,,,,,,,,,,,,,,,,,,,,,,,,,,,,,,,,,,,,,,,,,
MAL-KO_UnitCard,Mauler,MAL-KO,UnitType.Mech.Assault,Unit.Usage.Unique,1/3/3045,1702,Unit.Role.Sniper,,54,10,Unique,,,,,,,Unique,,,,,,Unique,,,,Unique,,,,,,,,,,,,,,,,,,,,,,,,,,,,,
MAL-MX90_UnitCard,Mauler,MAL-MX90,UnitType.Mech.Assault,Unit.Usage.Market,6/27/3038,1290,Unit.Role.Sniper,,38,9,,,,VeryRare,Rare,,,,VeryRare,,,VeryRare,,,,,,,Rare,,,,,,,,,,,,,,,,,,,,,,,,,,,,
MAL-MX90-S_UnitCard,Mauler,MAL-MX90-S,UnitType.Mech.Assault,Unit.Usage.Special,6/27/3038,1290,Unit.Role.Sniper,,38,9,DLC5,,,,,,,,,,,,,,,,,,,,,,,,,,,,,,,,,,,,,,,,,,,,,,
MissileCarrier_LRM20_UnitCard,MissileCarrier_LRM20,MissileCarrier_LRM20,UnitType.Vehicle.Tracked.Tank.MissileCarrier,,1/1/2407,278,Unit.Role.MissileBoat,,0,3,Tank,Common,Common,Common,Common,Common,Common,Common,Common,Common,Common,Common,Common,Common,,,,Common,Common,Common,Common,Common,Common,Common,,Common,Common,Common,Common,Common,Common,,Common,,,,,,,,,,,,,,
MissileCarrier_LRM40_UnitCard,MissileCarrier_LRM40,MissileCarrier_LRM40,UnitType.Vehicle.Tracked.Tank.MissileCarrier,,1/1/2407,555,Unit.Role.MissileBoat,,0,3,Tank,Common,Common,Common,Common,Common,Common,Common,Common,Common,Common,Common,Common,Common,,,,Common,Common,Common,Common,Common,Common,Common,,Common,Common,Common,Common,Common,Common,,Common,,,,,,,,,,,,,,
MissileCarrier_LRM60_UnitCard,MissileCarrier_LRM60,MissileCarrier_LRM60,UnitType.Vehicle.Tracked.Tank.MissileCarrier,,1/1/2407,733,Unit.Role.MissileBoat,,0,3,Tank,Uncommon,Uncommon,Uncommon,Uncommon,Uncommon,Uncommon,Uncommon,Uncommon,Uncommon,Uncommon,Uncommon,Uncommon,Uncommon,,,Uncommon,Uncommon,Uncommon,Uncommon,Uncommon,Uncommon,Uncommon,Uncommon,Uncommon,Uncommon,Uncommon,Uncommon,Uncommon,Uncommon,Uncommon,Uncommon,Uncommon,,,,,,,,,,,,,,
MissileCarrier_SRM20_UnitCard,MissileCarrier_SRM20,MissileCarrier_SRM20,UnitType.Vehicle.Tracked.Tank.MissileCarrier,,1/1/2407,272,Unit.Role.Striker,,0,3,Tank,Common,Common,Common,Common,Common,Common,Common,Common,Common,Common,Common,Common,Common,,,,Common,Common,Common,Common,Common,Common,Common,,Common,Common,Common,Common,Common,Common,,Common,,,,,,,,,,,,,,
MissileCarrier_SRM40_UnitCard,MissileCarrier_SRM40,MissileCarrier_SRM40,UnitType.Vehicle.Tracked.Tank.MissileCarrier,,1/1/2407,544,Unit.Role.Striker,,0,3,Tank,Common,Common,Common,Common,Common,Common,Common,Common,Common,Common,Common,Common,Common,,,,Common,Common,Common,Common,Common,Common,Common,,Common,Common,Common,Common,Common,Common,,Common,,,,,,,,,,,,,,
MissileCarrier_SRM60_UnitCard,MissileCarrier_SRM60,MissileCarrier_SRM60,UnitType.Vehicle.Tracked.Tank.MissileCarrier,,1/1/2407,716,Unit.Role.Striker,,0,3,Tank,Uncommon,Uncommon,Uncommon,Uncommon,Uncommon,Uncommon,Uncommon,Uncommon,Uncommon,Uncommon,Uncommon,Uncommon,Uncommon,,,Common,Uncommon,Uncommon,Uncommon,Uncommon,Uncommon,Uncommon,Uncommon,Common,Uncommon,Uncommon,Uncommon,Uncommon,Uncommon,Uncommon,Common,Uncommon,,,,,,,,,,,,,,
Manticore_UnitCard,Manticore,Manticore,UnitType.Vehicle.Tracked.Tank.Manticore,,1/1/2668,425,Unit.Role.Brawler,,10,3,Tank,Common,Common,Common,Common,Common,Common,Common,Common,Common,Common,Common,Common,Common,,,Common,Common,Common,Common,Common,Common,Common,Common,Common,Common,Common,Common,Common,Common,Common,Common,Common,,,,,,,,,,,,,,
NSR-9J_UnitCard,Nightstar,NSR-9J,UnitType.Mech.Assault,Unit.Usage.Market,1/1/3049,2399,Unit.Role.Juggernaut,,80,10,,Rare,,,,,,,,,,,,,,,,,,,,,,,,,,,,,,,,,,,,,,,,,,,,,
ON1-K_UnitCard,Orion,ON1-K,UnitType.Mech.Heavy,Unit.Usage.Market,1/1/2525,1429,Unit.Role.Brawler,,44,10,,Uncommon,Uncommon,Rare,Uncommon,Uncommon,VeryCommon,Uncommon,Uncommon,Uncommon,Uncommon,Uncommon,Uncommon,Uncommon,,,,Uncommon,Uncommon,,,,,,Uncommon,,,,Uncommon,,Uncommon,,Uncommon,Uncommon,,,,,,,,,,,,,
ON1-M_UnitCard,Orion,ON1-M,UnitType.Mech.Heavy,Unit.Usage.Market,1/1/3049,1414,Unit.Role.Brawler,,43,7,,,Rare,Rare,Rare,Rare,Common,Uncommon,Rare,Rare,Rare,Uncommon,Rare,Uncommon,,,,Uncommon,Rare,,,,,,Uncommon,,,,Rare,,Rare,,Rare,,,,,,,,,,,,,,
ON1-P_UnitCard,Orion,ON1-P,UnitType.Mech.Heavy,Unit.Usage.Unique,1/1/2750,1786,Unit.Role.Brawler,,0,7,Unique,,,,,,,,,,,,,,,,,,,,,,,,,,,,,,,,,,,,,,,,,,,,,,
ON1-V_UnitCard,Orion,ON1-V,UnitType.Mech.Heavy,Unit.Usage.Market,1/1/2799,1298,Unit.Role.Brawler,,39,7,,,Rare,VeryRare,Rare,Rare,Uncommon,Rare,Rare,Rare,,Rare,Rare,Rare,,,,Rare,Rare,,,,,,Uncommon,,,,Rare,,Rare,,Rare,,,,,,,,,,,,,,
ON1-VA_UnitCard,Orion,ON1-VA,UnitType.Mech.Heavy,Unit.Usage.Market,1/1/2901,1328,Unit.Role.Juggernaut,,40,7,,,Rare,VeryRare,Rare,Rare,Uncommon,Rare,Rare,,,VeryRare,Rare,Rare,,,,Rare,Rare,,,,,,,,,,Rare,,Rare,,Rare,,,,,,,,,,,,,,
ON1-XM1_UnitCard,Orion,ON1-XM1,UnitType.Mech.Heavy,Unit.Usage.Special.Salvageable,1/1/3035,1650,Unit.Role.Brawler,,50,8,DLC6,,,,,,,,,,,,,,,,,,,,,,,,,,,,,,,,,,Common,Common,Uncommon,,,,,,Uncommon,Uncommon,Common,Common,Uncommon
ON1-YAJ_UnitCard,Orion,ON1-YAJ,UnitType.Mech.Heavy,Unit.Usage.Special,1/1/3040,1602,Unit.Role.Sniper,,48,8,"DLC1,Unique",,,,,,,,,,,Unique,,,,,,,,,,,,,,,,,,,,,,,,,,,,,,,,,,,
PNT-10P_UnitCard,Panther,PNT-10P,UnitType.Mech.Light,Unit.Usage.Market,1/1/3010,592,Unit.Role.Striker|Unit.Role.Scout,,5,2,Original,,,,,,,,,,,,,,,,,,,,,,,,,,,,,,,,,,,,,,,,,,,,,,
PNT-8Z_UnitCard,Panther,PNT-8Z,UnitType.Mech.Light,Unit.Usage.Market,1/1/2739,741,Unit.Role.Brawler|Unit.Role.Scout,,3,2,Extinct in IS by 2901?,Uncommon,,,VeryRare,,,,,,,,,,,,,,VeryRare,,,,,,,,,,,,,,VeryRare,,,,,,,,,,,,,,
PNT-9R_UnitCard,Panther,PNT-9R,UnitType.Mech.Light,Unit.Usage.Market,1/1/2759,769,Unit.Role.Brawler|Unit.Role.Scout,,3,2,,,Rare,VeryCommon,VeryCommon,Rare,,Rare,Uncommon,Rare,Rare,Rare,Uncommon,Rare,,,,Rare,VeryCommon,,Rare,,,,,,,Rare,Rare,Rare,Rare,,VeryCommon,VeryCommon,,,,,,,,,,,,,
PNT-KK_UnitCard,Panther,PNT-KK,UnitType.Mech.Light,Unit.Usage.Unique,9/21/3021,958,Unit.Role.Sniper,,0,2,Unique,,,,Unique,,,,,,,,,,,,,,Unique,,,,,,,,,,,,,,Unique,,,,,,,,,,,,,,
PXH-1_UnitCard,Phoenix Hawk,PXH-1,UnitType.Mech.Medium,Unit.Usage.Market,1/1/2568,1041,Unit.Role.Skirmisher|Unit.Role.Scout,,5,3,,VeryCommon,VeryCommon,VeryCommon,VeryCommon,Common,VeryCommon,VeryCommon,VeryCommon,VeryCommon,VeryCommon,VeryCommon,VeryCommon,VeryCommon,,,,VeryCommon,VeryCommon,VeryCommon,VeryCommon,,VeryCommon,VeryCommon,,VeryCommon,VeryCommon,VeryCommon,Common,VeryCommon,VeryCommon,,VeryCommon,,,,,,,,,,,,,,
PXH-1B_UnitCard,Phoenix Hawk,PXH-1B,UnitType.Mech.Medium,Unit.Usage.Market,1/1/2760,1512,Unit.Role.Skirmisher|Unit.Role.Scout,,7,6,DLC1,Uncommon,,,,,,,,,,,,,,,,,,,,,,,,,,,,,,,,,,,,,,,,,,,,,
PXH-1K_UnitCard,Phoenix Hawk,PXH-1K,UnitType.Mech.Medium,Unit.Usage.Market,1/1/2603,1073,Unit.Role.Skirmisher|Unit.Role.Scout,,5,3,,,,Common,VeryCommon,,,,,,VeryRare,,,,,,VeryCommon,,VeryCommon,,,,,,,,,,,,,,VeryCommon,,,,,,,,,,,,,,
PXH-1P_UnitCard,Phoenix Hawk,PXH-1P,UnitType.Mech.Medium,Unit.Usage.Market,1/1/3024,981,Unit.Role.Skirmisher|Unit.Role.Scout,,4,3,DLC3,,,,,,,,,VeryCommon,VeryCommon,Common,,,,,,,,,,,,,,,,,,,,,,,,,Uncommon,Common,,,Common,,Uncommon,Uncommon,Common,Common,Uncommon
PXH-2_UnitCard,Phoenix Hawk,PXH-2,UnitType.Mech.Medium,Unit.Usage.Market,1/1/2599,1145,Unit.Role.Striker|Unit.Role.Scout,,6,3,DLC1,Uncommon,,,,,,,,,,,,,,,,,,,,,,,,,,,,,,,,,,,,,,,,,,,,,
PXH-3S_UnitCard,Phoenix Hawk,PXH-3S,UnitType.Mech.Medium,Unit.Usage.Market,1/1/3042,1237,Unit.Role.Striker|Unit.Role.Scout,,6,6,DLC1,,,,,,,Uncommon,Rare,,,,Uncommon,Uncommon,,,,Uncommon,,,,,Uncommon,Uncommon,,,,,,Uncommon,,,,,,,,,,,,,,,,,
PXH-KB_UnitCard,Phoenix Hawk,PXH-KB,UnitType.Mech.Medium,Unit.Usage.Special,1/1/3000,1125,Unit.Role.Skirmisher,,6,4,"DLC1,Exclusive,Unique",,,,,,,,,,,,,,,,,,,,,,,,,,,,,,,,,,,,,,,,,,,,,,
PXH-KK_UnitCard,Phoenix Hawk,PXH-KK,UnitType.Mech.Medium,Unit.Usage.Unique,1/19/3040,1333,Unit.Role.Skirmisher,,0,5,Unique,,,,Unique,,,,,,,,,,,,,,Unique,,,,,,,,,,,,,,Unique,,,,,,,,,,,,,,
Partisan_UnitCard,Partisan,Partisan,UnitType.Vehicle.Tracked.Tank.Partisan,,1/1/2791,506,Unit.Role.Sniper,,20,2,Tank,Common,Common,Common,Common,Common,Common,Common,Common,Common,Common,Common,Common,Common,,,Common,Common,Common,Common,Common,Common,Common,Common,Common,Common,Common,Common,Common,Common,Common,Common,Common,,,,,,,,,,,,,,
Partisan_AC2_x5_MG_x2_UnitCard,Partisan,Partisan_AC2_x5_MG_x2,UnitType.Vehicle.Tracked.Tank.Partisan,,1/1/3002,435,Unit.Role.Sniper,,20,2,Tank,Common,Common,Common,Common,Common,Common,Common,Common,Common,Common,Common,Common,Common,,,VeryCommon,Common,Common,Common,Common,Common,Common,Common,VeryCommon,Common,Common,Common,Common,Common,Common,VeryCommon,Common,,,,,,,,,,,,,,
Patton_UnitCard,Patton,Patton,UnitType.Vehicle.Tracked.Tank.Patton,,1/1/3027,481,Unit.Role.Brawler,,5,2,Tank,Common,Common,Common,Common,Common,Common,Common,Common,Common,Common,Common,Common,Common,,,,Common,Common,Common,Common,Common,Common,Common,,Common,Common,Common,Common,Common,Common,,Common,,,,,,,,,,,,,,
QKD-4G_UnitCard,Quickdraw,QKD-4G,UnitType.Mech.Heavy,Unit.Usage.Market,1/1/2779,1192,Unit.Role.Skirmisher,,25,5,,Rare,Rare,Uncommon,Common,Rare,Uncommon,Uncommon,Uncommon,VeryCommon,Common,Uncommon,Uncommon,Uncommon,,,,Uncommon,Common,,,Uncommon,,,,,,,Rare,,Rare,,Common,Uncommon,,,,,,,,,,,,,
QKD-4H_UnitCard,Quickdraw,QKD-4H,UnitType.Mech.Heavy,Unit.Usage.Market,1/1/2847,1242,Unit.Role.Skirmisher,,25,5,,,Rare,Uncommon,Common,Rare,Uncommon,Uncommon,Uncommon,VeryCommon,Common,Uncommon,Uncommon,Uncommon,,,,Uncommon,Common,,,Uncommon,,,Common,,,,Rare,,Rare,,Common,Uncommon,,,,,,,,,,,,,
QKD-4P_UnitCard,Quickdraw,QKD-4P,UnitType.Mech.Heavy,Unit.Usage.Market,1/1/3025,1186,Unit.Role.Skirmisher,,25,5,DLC1,,,,VeryRare,,,,,,,,,,,,,,VeryRare,,,,,,,,,,,,,,VeryRare,,,,,,,,,,,,,,
QKD-5A_UnitCard,Quickdraw,QKD-5A,UnitType.Mech.Heavy,Unit.Usage.Market,1/1/3002,1196,Unit.Role.Skirmisher,,25,5,DLC2,,Rare,Uncommon,Common,Rare,Uncommon,Uncommon,Uncommon,VeryCommon,Common,Uncommon,Uncommon,Uncommon,,,,Uncommon,Common,,,Uncommon,,,,,,,Rare,,Rare,,Common,Uncommon,,,,,,,,,,,,,
QKD-5K_UnitCard,Quickdraw,QKD-5K,UnitType.Mech.Heavy,Unit.Usage.Market,1/1/3049,1265,Unit.Role.Skirmisher,,25,5,,,,Uncommon,Uncommon,,,,Rare,,,,Rare,,,,,,Uncommon,,,,,,,,,,,,,,Uncommon,,,,,,,,,,,,,,
QKD-5P_UnitCard,Quickdraw,QKD-5P,UnitType.Mech.Heavy,Unit.Usage.Market,1/1/3024,1190,Unit.Role.Skirmisher,,25,5,DLC3,,,,,,,,,VeryCommon,Common,Rare,,,,,,,,,,,,,,,,,,,,,,,,,Uncommon,Common,,Common,Common,,Common,Uncommon,Uncommon,Uncommon,Common
QKD-IV4_UnitCard,Quickdraw,QKD-IV4,UnitType.Mech.Heavy,Unit.Usage.Unique,1/1/3015,1089,Unit.Role.Brawler,,31,6,Unique,,,,,,,,,,Unique,,,,,,,,,,,,,,Rare,,,,,,,,,,,,,,,,,,,,,,
QKD-SC_UnitCard,Quickdraw,QKD-SC,UnitType.Mech.Heavy,Unit.Usage.Special,1/1/3029,1118,Unit.Role.Skirmisher,,25,5,"DLC3,Unique",,,,,,,,,,Unique,,,,,,,,,,,,,,,,,,,,,,,,,,,,,,,,,,,,
RVN-1X_UnitCard,Raven,RVN-1X,UnitType.Mech.Light,Unit.Usage.Market,2/4/3024,665,Unit.Role.Scout,,5,4,DLC1,,Rare,,,Rare,,,,,,VeryRare,,VeryRare,,,,,,,Rare,,,,,,,Rare,Rare,,Rare,,,,,,,,,,,,,,,,
RVN-2X_UnitCard,Raven,RVN-2X,UnitType.Mech.Light,Unit.Usage.Market,8/18/3030,887,Unit.Role.Striker|Unit.Role.Scout,,5,3,,,Rare,,,,,,,,,,,Rare,,,,,,,Rare,,,,,,,Rare,,,Rare,,,,,,,,,,,,,,,,
RVN-3L_UnitCard,Raven,RVN-3L,UnitType.Mech.Light,Unit.Usage.Market,9/27/3048,708,Unit.Role.Striker|Unit.Role.Scout,,5,4,DLC1,,,,,Common,,,,,,,,,,,,,,,,,,,,,,,Common,,,,,,,,,,,,,,,,,,
RVN-4X_UnitCard,Raven,RVN-4X,UnitType.Mech.Light,Unit.Usage.Market,7/17/3031,820,Unit.Role.Striker|Unit.Role.Scout,,5,3,,,,,,Rare,,,,,,,,,,,,,,,,,,,,,,,Rare,,,,,,,,,,,,,,,,,,
RVN-H_UnitCard,Raven,RVN-H,UnitType.Mech.Light,Unit.Usage.Unique,6/26/3035,718,Unit.Role.Striker|Unit.Role.Scout,,16,3,Unique,,,Unique,,,,,,,,,,,,,,,,,,,,,,,,,,,,,,,,,,,,,,,,,,,
RFL-3C_UnitCard,Rifleman,RFL-3C,UnitType.Mech.Heavy,Unit.Usage.Market,2/1/3026,1066,Unit.Role.Brawler,,30,5,,,Common,,,,,,,,,,,Uncommon,,,Common,,,Common,Common,,,,Common,,,,,,Common,,,,,,,,,,,,,,,,
RFL-3N_UnitCard,Rifleman,RFL-3N,UnitType.Mech.Heavy,Unit.Usage.Market,1/1/2770,1039,Unit.Role.Sniper,,25,5,,VeryCommon,VeryCommon,Common,Common,VeryCommon,Common,VeryCommon,Common,VeryCommon,Common,Common,Common,VeryCommon,,,Common,VeryCommon,Common,VeryCommon,VeryCommon,,VeryCommon,,Common,,,,VeryCommon,,VeryCommon,,Common,VeryCommon,,,,,,,,,,,,,
RFL-4D_UnitCard,Rifleman,RFL-4D,UnitType.Mech.Heavy,Unit.Usage.Market,2/1/3021,1173,Unit.Role.Sniper,,30,5,DLC2,,Common,,,,,,,,,,,Uncommon,,,VeryCommon,,,Common,Common,,,,VeryCommon,,,,,,Common,,,,,,,,,,,,,,,,
RFL-DB_UnitCard,Rifleman,RFL-DB,UnitType.Mech.Heavy,Unit.Usage.Unique,5/26/3027,1039,Unit.Role.Sniper,,0,6,Unique,,,,,,,,,,,,,,,,,,,,,,,,,,,,,,,,,,,,,,,,,,,,,,
RFL-DNA_UnitCard,Rifleman,RFL-DNA,UnitType.Mech.Heavy,Unit.Usage.Special,1/1/3040,1613,Unit.Role.Sniper,,48,8,"DLC1,Unique",,Unique,,,,,,,,,,,,,,,,,,,,,,,,,,,,Unique,,,,,,,,,,,,,,,,
RFL-LK_UnitCard,Rifleman,RFL-LK,UnitType.Mech.Heavy,Unit.Usage.Unique,5/26/3027,1296,Unit.Role.Brawler,,0,8,Unique,,,,,,,,Unique,,,,,,,,,,,,,,,,,,,,,,,,,,,,,,,,,,,,,,
SHD-1P_UnitCard,Shadow Hawk,SHD-1P,UnitType.Mech.Medium,Unit.Usage.Market,1/1/3024,1072,Unit.Role.Skirmisher,,11,3,DLC3,,,,,,,,,Common,Common,Uncommon,,,,,Common,,,,,,,,,,,,,,,,,,,,Uncommon,Common,Common,,Common,,Uncommon,Uncommon,Common,Common,Uncommon
SHD-2D_UnitCard,Shadow Hawk,SHD-2D,UnitType.Mech.Medium,Unit.Usage.Market,1/1/2796,899,Unit.Role.Striker,,15,3,,,Common,,,,,,,VeryRare,Rare,VeryRare,,Uncommon,,,Common,,,,Common,,,,,Common,Common,Common,,,Common,,,,,,,,,,,,,,,,
SHD-2D2_UnitCard,Shadow Hawk,SHD-2D2,UnitType.Mech.Medium,Unit.Usage.Market,1/1/3049,1049,Unit.Role.Brawler|Unit.Role.Juggernaut,,15,3,,,Common,,,,,Common,,,,,,Common,,,,Common,,,Common,,Common,Common,,Common,Common,Common,,,Common,,,,,,,,,,,,,,,,
SHD-2H_UnitCard,Shadow Hawk,SHD-2H,UnitType.Mech.Medium,Unit.Usage.Market,1/1/2550,1064,Unit.Role.Skirmisher,,11,4,,VeryCommon,VeryCommon,Common,Uncommon,VeryCommon,Common,VeryCommon,VeryCommon,VeryCommon,Uncommon,Common,VeryCommon,VeryCommon,,,,VeryCommon,Uncommon,,VeryCommon,,VeryCommon,VeryCommon,,VeryCommon,VeryCommon,VeryCommon,VeryCommon,,VeryCommon,,,Uncommon,,,,,,,,,,,,,
SHD-2K_UnitCard,Shadow Hawk,SHD-2K,UnitType.Mech.Medium,Unit.Usage.Market,1/1/2803,1147,Unit.Role.Sniper|Unit.Role.Skirmisher,,15,5,,,,Common,VeryCommon,,,,Common,,,,Common,,,,Uncommon,,VeryCommon,,,,,,,,,,,,,,,,,,,,,,,,,,,,
SHD-2P_UnitCard,Shadow Hawk,SHD-2P,UnitType.Mech.Medium,Unit.Usage.Market,1/1/2846,1058,Unit.Role.Skirmisher,,11,4,DLC1,,,,,,,,Rare,Common,Common,Common,,,,,,,,,,,,,,,,,,,,,,,,,,,,,,,,,,,
SHD-5M_UnitCard,Shadow Hawk,SHD-5M,UnitType.Mech.Medium,Unit.Usage.Market,6/29/3048,1430,Unit.Role.MissileBoat,,44,6,,,Common,Uncommon,Uncommon,Uncommon,Uncommon,Common,Uncommon,,,Uncommon,Uncommon,Common,,,Uncommon,Common,Uncommon,,Common,,Common,Common,,Common,Common,Common,Uncommon,,Common,,,,,,,,,,,,,,,,
SHD-GD_UnitCard,Shadow Hawk,SHD-GD,UnitType.Mech.Medium,Unit.Usage.Unique,10/28/3024,1354,Unit.Role.Skirmisher,,0,6,Unique,,,,,,,,Unique,,,,,,,,,,,,,,,,,,,,,,,,,,,,,,,,,,,,,,
SHD-Player_UnitCard,Shadow Hawk,SHD-Player,UnitType.Mech.Medium,Unit.Usage.Market,,,,,,,Tutorial?,,,,,,,,,,,,,,,,Common,,,,,,,,,,,,,,,,,,,,,,,,,,,,,,
SDR-5D_UnitCard,Spider,SDR-5D,UnitType.Mech.Light,Unit.Usage.Market,1/1/2853,450,Unit.Role.Scout,,0,1,,,Uncommon,,Rare,,,,Uncommon,,Uncommon,,,Rare,,,,,Rare,,Uncommon,,,,,,,Uncommon,,,Uncommon,,,,,,,Common,,,,,,,,,
SDR-5K_UnitCard,Spider,SDR-5K,UnitType.Mech.Light,Unit.Usage.Market,1/1/2850,503,Unit.Role.Scout,,0,1,,,,Uncommon,Uncommon,,,,Uncommon,Uncommon,Uncommon,,,,,,,,Uncommon,,,,,,,,,,,,,,,,,,,,,,,,,,,,
SDR-5V_UnitCard,Spider,SDR-5V,UnitType.Mech.Light,Unit.Usage.Market,1/1/2650,522,Unit.Role.Scout,,0,2,,Uncommon,Uncommon,Uncommon,VeryCommon,Uncommon,VeryCommon,Rare,Common,Common,Common,VeryCommon,Uncommon,Uncommon,,,,Rare,VeryCommon,,Uncommon,,,,,,,Uncommon,Uncommon,Rare,Uncommon,,,,,,,Common,,,,,,,,,
SDR-A_UnitCard,Spider,SDR-A,UnitType.Mech.Light,Unit.Usage.Unique,1/1/3015,776,Unit.Role.Scout,,0,1,Unique,,,,,,,,,,Unique,,,,,,,,,,,,,,,,,,,,,,,,,,,,,,,,,,,,
STK-3F_UnitCard,Stalker,STK-3F,UnitType.Mech.Assault,Unit.Usage.Market,1/1/2594,1559,Unit.Role.Juggernaut|Unit.Role.MissileBoat,,60,8,,Rare,Uncommon,Uncommon,Uncommon,Uncommon,Common,Common,Uncommon,Uncommon,Uncommon,Uncommon,Uncommon,Uncommon,,,,Common,Uncommon,Uncommon,,,,,,,,Uncommon,Uncommon,,Uncommon,Uncommon,,Uncommon,,,,,,,,,,,,,
STK-3FB_UnitCard,Stalker,STK-3FB,UnitType.Mech.Assault,Unit.Usage.Market,1/1/2705,2029,Unit.Role.Juggernaut|Unit.Role.MissileBoat,,62,9,DLC1,VeryRare,,,,,,,,,,,,,,,,,,,,,,,,,,,,,,Uncommon,,,,,,,,,,,,,,,
STK-3H_UnitCard,Stalker,STK-3H,UnitType.Mech.Assault,Unit.Usage.Market,1/1/2638,1624,Unit.Role.MissileBoat,,60,8,,VeryRare,Rare,Rare,Rare,Rare,Uncommon,Rare,Rare,Rare,Rare,Rare,Rare,Rare,,,,Rare,Rare,Rare,,,,,,,,Rare,Rare,,Rare,Common,,Rare,,,,,,,,,,,,,
STK-4N_UnitCard,Stalker,STK-4N,UnitType.Mech.Assault,Unit.Usage.Market,1/1/2876,1558,Unit.Role.Juggernaut|Unit.Role.MissileBoat,,60,8,,,Rare,Rare,Rare,Rare,Uncommon,Rare,Rare,Rare,Rare,Rare,Rare,Rare,,,,Rare,Rare,Rare,,,,,,,,Rare,Rare,,Rare,Common,,Rare,,,,,,,,,,,,,
STK-M_UnitCard,Stalker,STK-M,UnitType.Mech.Assault,Unit.Usage.Unique,5/25/3028,1850,Unit.Role.Sniper,,0,9,Unique,,,,,,,,Unique,,,,,,,,,,,,,,,,,,,,,,,Common,,,,,,,,,,,,,,,
Scorpion_UnitCard,Scorpion,Scorpion,UnitType.Vehicle.Tracked.Tank.Scorpion,,1/1/2807,153,Unit.Role.Brawler,,0,1,Tank,Common,Common,Common,Common,Common,Common,Common,Common,Common,Common,Common,Common,Common,,,Common,Common,Common,Common,Common,Common,Common,Common,Common,Common,Common,Common,Common,Common,Common,Common,Common,,,,,,,,,,,,,,
Scorpion_ML_x2_MG_UnitCard,Scorpion,Scorpion_ML_x2_MG,UnitType.Vehicle.Tracked.Tank.Scorpion,,1/1/2875,160,Unit.Role.Juggernaut,,0,1,Tank,Common,Common,Common,Common,Common,Common,Common,Common,Common,Common,Common,Common,Common,,,Common,Common,Common,Common,Common,Common,Common,Common,Common,Common,Common,Common,Common,Common,Common,Common,Common,,,,,,,,,,,,,,
TDR-5S_UnitCard,Thunderbolt,TDR-5S,UnitType.Mech.Heavy,Unit.Usage.Market,1/1/2505,1335,Unit.Role.Brawler|Unit.Role.Juggernaut,,40,6,,Common,Common,Common,Uncommon,VeryCommon,VeryCommon,VeryCommon,Common,Uncommon,Rare,Rare,Common,Common,,,,VeryCommon,,Common,Common,VeryCommon,,,Common,Common,Common,,VeryCommon,,Common,,,VeryCommon,,,,,,,,,,,,,
TDR-5Sd_UnitCard,Thunderbolt,TDR-5Sd,UnitType.Mech.Heavy,Unit.Usage.Market,1/1/2666,1392,Unit.Role.Brawler|Unit.Role.Juggernaut,,42,6,"DLC2, Extinct by 2901",VeryRare,,,,,,,,,,,,,,,,,,,,,,,Common,,,,,,,,,,,,,,,,,,,,,,
TDR-5SE_UnitCard,Thunderbolt,TDR-5Se,UnitType.Mech.Heavy,Unit.Usage.Market,1/1/2910,1414,Unit.Role.Skirmisher,,43,6,DLC2,,,,,,,,Rare,,,,Rare,,,,,,,,,,,,Common,,,,,,,,,,,,,,,,,,,,,,
TDR-5S-T_UnitCard,Thunderbolt,TDR-5S-T,UnitType.Mech.Heavy,Unit.Usage.Unique,8/14/3025,1447,Unit.Role.Brawler|Unit.Role.Juggernaut,,44,7,Unique,,Unique,,,,,,,,,,,,,,,,,Unique,,,,,Common,,,,,,Unique,,,,,,,,,,,,,,,,
TDR-5SS_UnitCard,Thunderbolt,TDR-5SS,UnitType.Mech.Heavy,Unit.Usage.Market,1/1/2930,1337,Unit.Role.Brawler|Unit.Role.Juggernaut,,40,6,,,,,,,,Common,Uncommon,,,,,Uncommon,,,,Common,,,,Common,,,,,,,,,,,,,,,,,,,,,,,,,
TDR-9SE_UnitCard,Thunderbolt,TDR-9SE,UnitType.Mech.Heavy,Unit.Usage.Market,1/1/3049,1439,Unit.Role.Skirmisher,,44,6,,,Uncommon,,,,,Common,Rare,VeryRare,,,Rare,Uncommon,,,,Common,,Uncommon,,Common,,,,,,,,,Uncommon,,,,,,,,,,,,,,,,
TBT-3C_UnitCard,Trebuchet,TBT-3C,UnitType.Mech.Medium,Unit.Usage.Market,1/1/2780,1342,Unit.Role.MissileBoat,,20,4,,Common,,,,,,,,,,,Uncommon,,,,,,,,,,,,,,,,,,,,,,,,,,,,,,,,,,
TBT-5J_UnitCard,Trebuchet,TBT-5J,UnitType.Mech.Medium,Unit.Usage.Market,1/1/2850,1191,Unit.Role.Skirmisher|Unit.Role.MissileBoat,,20,4,,,,,,,Common,,,,,,,,,,,,,,,,,,,,,,,,,,,,,,,,,,,,,,,,
TBT-5N_UnitCard,Trebuchet,TBT-5N,UnitType.Mech.Medium,Unit.Usage.Market,1/1/2799,1191,Unit.Role.MissileBoat|Unit.Role.Skirmisher,,20,4,,,Rare,Uncommon,Common,Uncommon,VeryCommon,Uncommon,Uncommon,Common,Uncommon,Common,Uncommon,Uncommon,,,Uncommon,Uncommon,,Rare,Rare,,Uncommon,Uncommon,,Rare,Rare,Rare,Uncommon,,Rare,,,Rare,,,,,,,,,,,,,
TBT-5P_UnitCard,Trebuchet,TBT-5P,UnitType.Mech.Medium,Unit.Usage.Market,1/1/3025,1069,Unit.Role.MissileBoat|Unit.Role.Skirmisher,,20,4,DLC3,,,,,,,,,Common,Uncommon,Uncommon,,,,,,,,,,,,,,,,,,,,,,,,,Common,,,Common,Common,,Common,Common,Uncommon,Uncommon,Uncommon
TBT-7K_UnitCard,Trebuchet,TBT-7K,UnitType.Mech.Medium,Unit.Usage.Market,2/11/3025,996,Unit.Role.Sniper,,20,3,,,,Uncommon,Uncommon,,,,,,,,,,,,,,,,,,,,,,,,,,,,,,,,,,,,,,,,,,
TBT-7M_UnitCard,Trebuchet,TBT-7M,UnitType.Mech.Medium,Unit.Usage.Market,10/8/3048,1348,Unit.Role.MissileBoat,,20,4,,,Rare,Uncommon,Uncommon,Uncommon,VeryCommon,Uncommon,Rare,Uncommon,,,Rare,Rare,,,,Uncommon,,Rare,Rare,,Uncommon,Uncommon,,Rare,Rare,Rare,Uncommon,,Rare,,,,,,,,,,,,,,,,
TBT-LG_UnitCard,Trebuchet,TBT-LG,UnitType.Mech.Medium,Unit.Usage.Unique,1/1/3015,1149,Unit.Role.Skirmisher,,20,4,"DLC1,Unique",,,,,,Unique,,,,,,,,,,,,,,,,,,,,,,,,,,,,,,,,,,,,,,,,
Tank_Jedgar_UnitCard,Tank_Jedgar,Tank_Jedgar,UnitType.Vehicle.Hover.Tank.JEdgar,,1/1/2722,272,Unit.Role.Scout,,0,1,Hover,Common,Common,Common,Common,Common,Common,Common,Common,Common,Common,Common,Common,Common,,,Rare,Common,Common,Common,Common,Common,Common,Common,Rare,Common,Common,Common,Common,Common,Common,Rare,Common,,,,,,,,,,,,,,
Tank_Jedgar_Flamer_UnitCard,Tank_Jedgar_Flamer,Tank_Jedgar_Flamer,UnitType.Vehicle.Hover.Tank.JEdgar,,1/1/2793,230,Unit.Role.Scout,,0,1,Hover,Common,Common,Common,Common,Common,Common,Common,Common,Common,Common,Common,Common,Common,,,Rare,Common,Common,Common,Common,Common,Common,Common,Rare,Common,Common,Common,Common,Common,Common,Rare,Common,,,,,,,,,,,,,,
Tank_Jedgar_MachineGun_UnitCard,Tank_Jedgar_MachineGun,Tank_Jedgar_MachineGun,UnitType.Vehicle.Hover.Tank.JEdgar,,1/1/2794,241,Unit.Role.Scout,,0,1,Hover,Common,Common,Common,Common,Common,Common,Common,Common,Common,Common,Common,Common,Common,,,,Common,Common,Common,Common,Common,Common,Common,,Common,Common,Common,Common,Common,Common,,Common,,,,,,,,,,,,,,
Turret_AC2_1x0_UnitCard,Turret_AC2_1x0,Turret_AC2_1x0,UnitType.Turret,,1/1/2700,83,Unit.Role.Emplacement.LongRange,,0,1,Turret,Common,Common,Common,Common,Common,Common,Common,Common,Common,Common,Common,Common,Common,,,,Common,Common,Common,Common,Common,Common,Common,,Common,Common,Common,Common,Common,Common,,Common,,,,,,,,,,,,,,
Turret_AC2_1x1_UnitCard,Turret_AC2_1x1,Turret_AC2_1x1,UnitType.Turret,,1/1/2700,165,Unit.Role.Emplacement.LongRange,,7,1,Turret,Common,Common,Common,Common,Common,Common,Common,Common,Common,Common,Common,Common,Common,,,,Common,Common,Common,Common,Common,Common,Common,,Common,Common,Common,Common,Common,Common,,Common,,,,,,,,,,,,,,
Turret_AC2_2x2_UnitCard,Turret_AC2_2x2,Turret_AC2_2x2,UnitType.Turret,,1/1/2700,330,Unit.Role.Emplacement.LongRange,,15,1,Turret,Uncommon,Uncommon,Uncommon,Uncommon,Uncommon,Uncommon,Uncommon,Uncommon,Uncommon,Uncommon,Uncommon,Uncommon,Uncommon,,,,Uncommon,Uncommon,Uncommon,Uncommon,Uncommon,Uncommon,Uncommon,,Uncommon,Uncommon,Uncommon,Uncommon,Uncommon,Uncommon,,Uncommon,,,,,,,,,,,,,,
Turret_LargeLaser_1x1_UnitCard,Turret_LargeLaser_1x1,Turret_LargeLaser_1x1,UnitType.Turret,,1/1/2700,369,Unit.Role.Emplacement.LongRange,,15,1,Turret,Uncommon,Uncommon,Uncommon,Uncommon,Uncommon,Uncommon,Uncommon,Uncommon,Uncommon,Uncommon,Uncommon,Uncommon,Uncommon,,,,Uncommon,Uncommon,Uncommon,Uncommon,Uncommon,Uncommon,Uncommon,,Uncommon,Uncommon,Uncommon,Uncommon,Uncommon,Uncommon,,Uncommon,,,,,,,,,,,,,,
Turret_MediumLaser_1x0_UnitCard,Turret_MediumLaser_1x0,Turret_MediumLaser_1x0,UnitType.Turret,,1/1/2700,90,Unit.Role.Emplacement.MediumRange,,0,1,Turret,Common,Common,Common,Common,Common,Common,Common,Common,Common,Common,Common,Common,Common,,,,Common,Common,Common,Common,Common,Common,Common,,Common,Common,Common,Common,Common,Common,,Common,,,,,,,,,,,,,,
Turret_MediumLaser_1x1_UnitCard,Turret_MediumLaser_1x1,Turret_MediumLaser_1x1,UnitType.Turret,,1/1/2700,180,Unit.Role.Emplacement.MediumRange,,5,1,Turret,Common,Common,Common,Common,Common,Common,Common,Common,Common,Common,Common,Common,Common,,,,Common,Common,Common,Common,Common,Common,Common,,Common,Common,Common,Common,Common,Common,,Common,,,,,,,,,,,,,,
Turret_MediumLaser_2x2_UnitCard,Turret_MediumLaser_2x2,Turret_MediumLaser_2x2,UnitType.Turret,,1/1/2700,360,Unit.Role.Emplacement.MediumRange,,10,1,Turret,Common,Common,Common,Common,Common,Common,Common,Common,Common,Common,Common,Common,Common,,,Uncommon,Common,Common,Common,Common,Common,Common,Common,Uncommon,Common,Common,Common,Common,Common,Common,Uncommon,Common,,,,,,,,,,,,,,
Turret_SRM2_1x0_UnitCard,Turret_SRM2_1x0,Turret_SRM2_1x0,UnitType.Turret,,1/1/2700,72,Unit.Role.Emplacement.ShortRange,,0,1,Turret,Common,Common,Common,Common,Common,Common,Common,Common,Common,Common,Common,Common,Common,,,Uncommon,Common,Common,Common,Common,Common,Common,Common,Uncommon,Common,Common,Common,Common,Common,Common,Uncommon,Common,,,,,,,,,,,,,,
Turret_SRM2_1x1_UnitCard,Turret_SRM2_1x1,Turret_SRM2_1x1,UnitType.Turret,,1/1/2700,144,Unit.Role.Emplacement.ShortRange,,4,1,Turret,Common,Common,Common,Common,Common,Common,Common,Common,Common,Common,Common,Common,Common,,,Common,Common,Common,Common,Common,Common,Common,Common,Common,Common,Common,Common,Common,Common,Common,Common,Common,,,,,,,,,,,,,,
Turret_SRM6_1x1_UnitCard,Turret_SRM6_1x1,Turret_SRM6_1x1,UnitType.Turret,,1/1/2700,432,Unit.Role.Emplacement.ShortRange,,7,1,Turret,Common,Common,Common,Common,Common,Common,Common,Common,Common,Common,Common,Common,Common,,,,Common,Common,Common,Common,Common,Common,Common,,Common,Common,Common,Common,Common,Common,,Common,,,,,,,,,,,,,,
Turret_SmallLaser_1x0_UnitCard,Turret_SmallLaser_1x0,Turret_SmallLaser_1x0,UnitType.Turret,,1/1/2700,22.5,Unit.Role.Emplacement.ShortRange,,0,1,Turret,Common,Common,Common,Common,Common,Common,Common,Common,Common,Common,Common,Common,Common,,,Common,Common,Common,Common,Common,Common,Common,Common,Common,Common,Common,Common,Common,Common,Common,Common,Common,,,,,,,,,,,,,,
Turret_SmallLaser_1x1_UnitCard,Turret_SmallLaser_1x1,Turret_SmallLaser_1x1,UnitType.Turret,,1/1/2700,45,Unit.Role.Emplacement.ShortRange,,0,1,Turret,Common,Common,Common,Common,Common,Common,Common,Common,Common,Common,Common,Common,Common,,,Uncommon,Common,Common,Common,Common,Common,Common,Common,Uncommon,Common,Common,Common,Common,Common,Common,Uncommon,Common,,,,,,,,,,,,,,
Turret_SmallLaser_2x2_UnitCard,Turret_SmallLaser_2x2,Turret_SmallLaser_2x2,UnitType.Turret,,1/1/2700,90,Unit.Role.Emplacement.ShortRange,,5,1,Turret,Common,Common,Common,Common,Common,Common,Common,Common,Common,Common,Common,Common,Common,,,,Common,Common,Common,Common,Common,Common,Common,,Common,Common,Common,Common,Common,Common,,Common,,,,,,,,,,,,,,
Tutorial_Combat_LCT-1V_UnitCard,Tutorial_Combat_LCT-1V,Tutorial_Combat_LCT-1V,UnitType.Mech.Light,Unit.Usage.Market,,,,,,,Tutorial,,,,,,,,,,,,,,,,,,,,,,,,,,,,,,,,,,,,,,,,,,,,,,
Tutorial_Legs_LCT-1V_UnitCard,Tutorial_Legs_LCT-1V,Tutorial_Legs_LCT-1V,UnitType.Mech.Light,Unit.Usage.Market,,,,,,,Tutorial,,,,,,,,,,,,,,,,,,,,,,,,,,,,,,,,,,,,,,,,,,,,,,
Tutorial_Torso_LCT-1V_UnitCard,Tutorial_Torso_LCT-1V,Tutorial_Torso_LCT-1V,UnitType.Mech.Light,Unit.Usage.Market,,,,,,,Tutorial,,,,,,,,,,,,,,,,,,,,,,,,,,,,,,,,,,,,,,,,,,,,,,
UM-K9_UnitCard,UrbanMech,UM-K9,UnitType.Mech.Light,Unit.Usage.Unique,1/1/3015,610,Unit.Role.Sniper,,12,2,Unique,,,,,,,,,,,,,,,,,,,,,,,,,,,,,,,,,,,,,,,,,,,,,,
UM-R60_UnitCard,UrbanMech,UM-R60,UnitType.Mech.Light,Unit.Usage.Market,1/1/2675,504,Unit.Role.Ambusher,,0,1,,Uncommon,Uncommon,Common,VeryCommon,VeryCommon,Uncommon,Uncommon,Common,VeryCommon,VeryCommon,Uncommon,Common,Uncommon,,,,,,,,,,,,,,,,,Uncommon,,,,,,,,,,,,,,,,
UM-R60L_UnitCard,UrbanMech,UM-R60L,UnitType.Mech.Light,Unit.Usage.Market,1/1/2925,470,Unit.Role.Ambusher,,0,1,,,,,,Common,,,,,Rare,Uncommon,,,,,,,,,,,,,,,,,Common,,,,,,,,,,,,,,,,,,
UM-SA1_UnitCard,UrbanMech,UM-SA1,UnitType.Mech.Light,Unit.Usage.Special.Salvageable,1/1/3029,724,Unit.Role.Scout,,15,4,DLC6,,,,,,,,,,,,,,,,,,,,,,,,,,,,,,,,,,,Common,Uncommon,Rare,,,,,Common,Uncommon,Uncommon,Uncommon,Common
UM-SC_UnitCard,UrbanMech,UM-SC,UnitType.Mech.Light,Unit.Usage.Unique,5/26/3027,504,Unit.Role.Ambusher,,8,1,Unique,,Unique,,,,,,,,,,,,,,,,,Unique,Unique,,,,,,,,,,Unique,,,,,,,,,,,,,,,,
VTR-9A1_UnitCard,Victor,VTR-9A1,UnitType.Mech.Assault,Unit.Usage.Market,1/1/2508,1302,Unit.Role.Skirmisher,,39,8,,Rare,Uncommon,Rare,,Common,,,,,,Uncommon,Rare,Rare,,,,,,Uncommon,,,,,,,,,Common,,,Common,,,,,,,,,,,,,,,
VTR-9B_UnitCard,Victor,VTR-9B,UnitType.Mech.Assault,Unit.Usage.Market,1/1/2510,1378,Unit.Role.Skirmisher,,42,7,,Rare,Uncommon,Rare,Rare,Common,VeryRare,Rare,Uncommon,Rare,Rare,Uncommon,Uncommon,Uncommon,,,,Rare,Rare,Uncommon,,,Rare,,,,,,Common,,,Common,,Uncommon,,,,,,,,,,,,,
VTR-9K_UnitCard,Victor,VTR-9K,UnitType.Mech.Assault,Unit.Usage.Market,1/1/3049,1717,Unit.Role.Skirmisher,,54,8,,,Uncommon,Rare,Rare,,VeryRare,Rare,Rare,Rare,Rare,,Rare,Uncommon,,,,Rare,Rare,Uncommon,,,Rare,,,,,,,,,Common,,,,,,,,,,,,,,,
VTR-9P_UnitCard,Victor,VTR-9P,UnitType.Mech.Assault,Unit.Usage.Market,1/1/3027,1263,Unit.Role.Skirmisher,,38,7,DLC3,,,,,,,,,Rare,Rare,Rare,,,,,,,,,,,,,,,,,,,,,,,,,Uncommon,,Common,Common,Common,,Common,Uncommon,Uncommon,Uncommon,Common
VTR-9S_UnitCard,Victor,VTR-9S,UnitType.Mech.Assault,Unit.Usage.Market,1/1/2998,1360,Unit.Role.Skirmisher,,41,7,,,,,,,,Rare,,,Rare,,,Rare,,,,Rare,,,,,Rare,,,,,,,,,,,,,,,,,,,,,,,,
VTR-BSK_UnitCard,Victor,VTR-BSK,UnitType.Mech.Assault,Unit.Usage.Special,1/1/3045,1634,Unit.Role.Skirmisher,,49,8,"DLC1,Unique",,,,,,,,,,,,,,,,,,,,,,,,,,,,,,,,,,,,,,,,,,,,,,
VTR-DS_UnitCard,Victor,VTR-DS,UnitType.Mech.Assault,Unit.Usage.Unique,10/3/3025,1985,Unit.Role.Skirmisher,,65,8,Unique,,Unique,,,,,,,,,,,,,,,,,,,,,,,,,,,,,,,,,,,,,,,,,,,,
VND-1AA_UnitCard,Vindicator,VND-1AA,UnitType.Mech.Medium,Unit.Usage.Market,1/1/2863,966,Unit.Role.Skirmisher,,5,4,,,,Uncommon,,Rare,,,,,,,,,,,,,,,,,,,,,,,Rare,,,,Rare,,,,,,,,,,,,,,
VND-1P_UnitCard,Vindicator,VND-1P,UnitType.Mech.Medium,Unit.Usage.Market,1/1/3025,982,Unit.Role.Brawler|Unit.Role.Juggernaut,,5,4,DLC3,,,,,,,,,Uncommon,Uncommon,Uncommon,,,,,,,,,,,,,,,,,,,,,,,,,Uncommon,,,Common,Common,Common,Common,Uncommon,Uncommon,Uncommon,Common
VND-1R_UnitCard,Vindicator,VND-1R,UnitType.Mech.Medium,Unit.Usage.Market,1/1/2826,1024,Unit.Role.Brawler|Unit.Role.Juggernaut,,5,4,,,,,,VeryCommon,,,Common,Uncommon,Uncommon,Common,Common,,,,,,,,,,,,,,,,VeryCommon,,,,,,,,,,,,,,,,,,
VND-1SIB_UnitCard,Vindicator,VND-1SIB,UnitType.Mech.Medium,Unit.Usage.Unique,1/1/3000,1020,Unit.Role.Brawler|Unit.Role.Juggernaut,,0,6,Unique,,,,,Unique,,,,,,,,,,,,,,,,,,,,,,,Unique,,,,,,,,,,,,,,,,,,
VND-1SIC_UnitCard,Vindicator,VND-1SIC,UnitType.Mech.Medium,Unit.Usage.Market,1/1/3031,1020,Unit.Role.Brawler|Unit.Role.Juggernaut,,0,6,DLC2,,,,,,,,,,,Uncommon,,,,,,,,,,,,,,,,,,,,,,,,,,,,,,,,,,,
VND-1X_UnitCard,Vindicator,VND-1X,UnitType.Mech.Medium,Unit.Usage.Market,1/1/2826,1008,Unit.Role.Brawler|Unit.Role.Juggernaut,,5,4,,,,,,VeryCommon,,,,Rare,Rare,Common,,,,,VeryCommon,,,,,,,,,,,,VeryCommon,,,,,,,,,,,,,,,,,,
VTOL_Igor_1x1_AC10_UnitCard,VTOL_Igor_1x1_AC10,VTOL_Igor_1x1_AC10,UnitType.VTOL.Igor,,1/1/2700,400,Unit.Role.Striker|Unit.Role.AirSupport,,40,1,VTOL,Uncommon,Uncommon,Uncommon,Uncommon,Uncommon,Uncommon,Uncommon,Uncommon,Uncommon,Uncommon,Uncommon,Uncommon,Uncommon,,,VeryCommon,Uncommon,Uncommon,Uncommon,Uncommon,Uncommon,Uncommon,Uncommon,VeryCommon,Uncommon,Uncommon,Uncommon,Uncommon,Uncommon,Uncommon,VeryCommon,Uncommon,Uncommon,Uncommon,Uncommon,Uncommon,Uncommon,Uncommon,Uncommon,Uncommon,Uncommon,Uncommon,Uncommon,Uncommon,Uncommon,Uncommon
VTOL_Igor_2x2AC2_UnitCard,VTOL_Igor_2x2AC2,VTOL_Igor_2x2AC2,UnitType.VTOL.Igor,,1/1/2700,400,Unit.Role.Sniper|Unit.Role.AirSupport,,25,1,VTOL,Uncommon,Uncommon,Uncommon,Uncommon,Uncommon,Uncommon,Uncommon,Uncommon,Uncommon,Uncommon,Uncommon,Uncommon,Uncommon,,,Unique,Uncommon,Uncommon,Uncommon,Uncommon,Uncommon,Uncommon,Uncommon,Unique,Uncommon,Uncommon,Uncommon,Uncommon,Uncommon,Uncommon,Unique,Uncommon,Uncommon,Uncommon,Uncommon,Uncommon,Uncommon,Uncommon,Uncommon,Uncommon,Uncommon,Uncommon,Uncommon,Uncommon,Uncommon,Uncommon
VTOL_Warrior_UnitCard,VTOL_Warrior,VTOL_Warrior,UnitType.VTOL.Warrior,,1/1/2957,148,Unit.Role.Scout|Unit.Role.AirSupport,,0,1,VTOL,Common,Common,Common,Common,Common,Common,Common,Common,Common,Common,Common,Common,Common,,,,Common,Common,Common,Common,Common,Common,Common,,Common,Common,Common,Common,Common,Common,,Common,Common,Uncommon,Uncommon,Uncommon,Uncommon,Uncommon,Uncommon,Uncommon,Uncommon,Uncommon,Uncommon,Uncommon,Uncommon,Uncommon
VL-2P_UnitCard,Vulcan,VL-2P,UnitType.Mech.Medium,Unit.Usage.Market,1/1/3025,659,Unit.Role.Scout,,10,3,DLC1,,,,,,,,,Uncommon,VeryRare,Rare,,,,,,,,,,,,,,,,,,,,,,,,,,,,,,,,,,,
VL-2T_UnitCard,Vulcan,VL-2T,UnitType.Mech.Medium,Unit.Usage.Market,1/1/2777,642,Unit.Role.Scout,,10,2,DLC1,Rare,Uncommon,Common,Rare,Uncommon,VeryCommon,Common,Uncommon,Common,Common,Common,Uncommon,Common,,,,Common,Rare,Uncommon,,,Common,Common,,Uncommon,Uncommon,Uncommon,Uncommon,,Uncommon,,Rare,Uncommon,,,,,,,,,,,,,
VL-5T_UnitCard,Vulcan,VL-5T,UnitType.Mech.Medium,Unit.Usage.Market,1/1/2778,942,Unit.Role.Striker,,21,2,DLC1,Rare,Rare,Uncommon,VeryRare,Uncommon,VeryCommon,Uncommon,Uncommon,Uncommon,Rare,Common,Uncommon,Common,,,,Uncommon,VeryRare,Rare,,,Uncommon,Uncommon,,Rare,Rare,Rare,Uncommon,,Rare,,VeryRare,Rare,,,,,,,,,,,,,
VL-BL_UnitCard,Vulcan,VL-BL,UnitType.Mech.Medium,Unit.Usage.Unique,1/1/3015,660,Unit.Role.Striker|Unit.Role.Scout,,10,3,"DLC1,Unique",,,,,,,,,,,,,,,,,,,,,,,,,,,,,,,,,,,,,,,,,,,,,,
VL-X1_UnitCard,Vulcan,VL-X1,UnitType.Mech.Medium,Unit.Usage.Special.Salvageable,1/1/3028,765,Unit.Role.Scout,,12,3,DLC6,,,,,,,,,,,,,,,,,,,,,,,,,,,,,,,,,,Uncommon,Uncommon,Common,Common,,,Common,,Uncommon,Uncommon,Uncommon,Common,Common
WHM-6D_UnitCard,Warhammer,WHM-6D,UnitType.Mech.Heavy,Unit.Usage.Market,1/1/2835,1471,Unit.Role.Brawler,,40,7,,,Uncommon,,,,,,,,,,,Uncommon,,,,,,Uncommon,,,,,,,,Uncommon,,,Uncommon,,,,,,,,,,,,,,,,
WHM-6K_UnitCard,Warhammer,WHM-6K,UnitType.Mech.Heavy,Unit.Usage.Market,1/1/2830,1305,Unit.Role.Brawler,,39,7,DLC2,,Uncommon,Uncommon,Common,,,,,,,,,Rare,,,,,,Uncommon,,,,,,,,Uncommon,,,Uncommon,,Common,,,,,,,,,,,,,,
WHM-6L_UnitCard,Warhammer,WHM-6L,UnitType.Mech.Heavy,Unit.Usage.Market,1/1/2825,1311,Unit.Role.Brawler,,39,7,DLC2,,,,,Common,,,,,,Uncommon,,,,,,,,,,,,,,,,,Common,,,,,,,,,,,,,,,,,,
WHM-6R_UnitCard,Warhammer,WHM-6R,UnitType.Mech.Heavy,Unit.Usage.Market,1/1/2515,1299,Unit.Role.Brawler,,39,7,,Common,Common,Uncommon,Common,Common,Uncommon,VeryCommon,Uncommon,VeryRare,Rare,Uncommon,Uncommon,Common,,,,VeryCommon,,Common,,VeryCommon,VeryCommon,,,,,,Common,,Common,,Common,Common,,,,,,,,,,,,,
WHM-6Rb_UnitCard,Warhammer,WHM-6Rb,UnitType.Mech.Heavy,Unit.Usage.Market,1/1/2599,1431,Unit.Role.Brawler,,40,7,"DLC2, Extinct in IS by 2901",Rare,,,,,,,,,,,,,,,,,,,,,,,,,,,,,,,,,,,,,,,,,,,,,
WHM-6Rk_UnitCard,Warhammer,WHM-6Rk,UnitType.Mech.Heavy,Unit.Usage.Market,1/1/2745,1299,Unit.Role.Brawler,,39,7,DLC2,Rare,,,,,,,,,,,,,,,,,,,,,,,,,,,,,,,,,,,,,,,,,,,,,
WHM-BW_UnitCard,Warhammer,WHM-BW,UnitType.Mech.Heavy,Unit.Usage.Unique,3/30/3015,1509,Unit.Role.Brawler,,40,8,Unique,,,,,,,,Unique,,,,,,,,,,,,,,,,,,,,,,,,,,,,,,,,,,,,,,
WLF-1_UnitCard,Wolfhound,WLF-1,UnitType.Mech.Light,Unit.Usage.Market,1/10/3028,949,Unit.Role.Striker|Unit.Role.Scout,,5,3,,,Rare,VeryRare,,,,Common,Rare,,,,Rare,Uncommon,,,,Common,,Rare,Rare,,Common,,,,,,,Common,Rare,,,Rare,,,,,,,,,,,,,
WLF-1A_UnitCard,Wolfhound,WLF-1A,UnitType.Mech.Light,Unit.Usage.Market,1/10/3028,967,Unit.Role.Striker|Unit.Role.Scout,,5,3,,,Rare,,,,,Common,Rare,,,,,Uncommon,,,,Common,,Rare,Rare,,Common,,,,,,,Common,Rare,,,,,,,,,,,,,,,,
WLF-1B_UnitCard,Wolfhound,WLF-1B,UnitType.Mech.Light,Unit.Usage.Market,1/10/3028,967,Unit.Role.Striker|Unit.Role.Scout,,5,3,,,Rare,,,,,Common,Rare,,,,,Uncommon,,,,Common,,Rare,Rare,,Common,,,,,,,Common,Rare,,,,,,,,,,,,,,,,
WLF-GR_UnitCard,Wolfhound,WLF-GR,UnitType.Mech.Light,Unit.Usage.Unique,1/1/3045,1175,Unit.Role.Striker|Unit.Role.Scout,,6,3,"DLC1,Unique",,,,,,,,Unique,,,,,,,,,,,,,,,,,,,,,,,,,,,,,,,,,,,,,,
WVR-6K_UnitCard,Wolverine,WVR-6K,UnitType.Mech.Medium,Unit.Usage.Market,1/1/2598,1248,Unit.Role.Skirmisher|Unit.Role.Scout,,18,5,,,,Uncommon,VeryCommon,,,,,,,,,,,,,,VeryCommon,,,,,,,,,,,,,,VeryCommon,,,,,,,,,,,,,,
WVR-6M_UnitCard,Wolverine,WVR-6M,UnitType.Mech.Medium,Unit.Usage.Market,1/1/2816,1291,Unit.Role.Skirmisher|Unit.Role.Scout,,19,5,DLC2,,,,,,VeryCommon,,,,,,,,,,,,,,,,,,,,,,,,,,,,,,,,,,,,,,,,
WVR-6P_UnitCard,Wolverine,WVR-6P,UnitType.Mech.Medium,Unit.Usage.Market,1/1/3025,1026,Unit.Role.Skirmisher|Unit.Role.Scout,,16,5,DLC3,,,,,,,,,Uncommon,VeryCommon,Uncommon,,,,,,,,,,,,,,,,,,,,,,,,,Common,,Common,,Common,,Common,Uncommon,Common,Uncommon,Common
WVR-6R_UnitCard,Wolverine,WVR-6R,UnitType.Mech.Medium,Unit.Usage.Market,1/1/2575,1101,Unit.Role.Skirmisher|Unit.Role.Scout,,18,5,,Uncommon,Uncommon,Uncommon,VeryCommon,VeryCommon,VeryCommon,Common,Common,Uncommon,VeryCommon,Common,Common,Uncommon,,,,Common,VeryCommon,Uncommon,Uncommon,,Common,Common,,Uncommon,Uncommon,Uncommon,VeryCommon,,Uncommon,,VeryCommon,Uncommon,,,,,,,,,,,,,
WVR-7H_UnitCard,Wolverine,WVR-7H,UnitType.Mech.Medium,Unit.Usage.Special,1/1/2770,1235,Unit.Role.Skirmisher|Unit.Role.Scout,,18,6,Rewarded via special transmission,,,,,,,,,,,,,,,,,,,,,,,,,,,,,,,,,,,,,,,,,,,,,,
WVR-Q_UnitCard,Wolverine,WVR-Q,UnitType.Mech.Medium,Unit.Usage.Unique,1/1/3015,1305,Unit.Role.Skirmisher|Unit.Role.Scout,,0,5,Unique,,,,,,,,,,,,,,,,,,,,,,,,,,,,,,,,,,,,,,,,,,,,,,
ZEU-5S_UnitCard,Zeus,ZEU-5S,UnitType.Mech.Assault,Unit.Usage.Market,1/1/2788,1474,Unit.Role.Sniper,,45,8,Extinct in IS by 2901?,,,,,,,,,,,,,,,,,,,,,,,,,,,,,,,,,,,,,,,,,,,,,,
ZEU-5T_UnitCard,Zeus,ZEU-5T,UnitType.Mech.Assault,Unit.Usage.Market,1/1/2787,1729,Unit.Role.Sniper,,53,8,"DLC2, Extinct in IS by 2901",Rare,,,,,,,,,,,,,,,,,,,,,,,,,,,,,,,,,,,,,,,,,,,,,
ZEU-6S_UnitCard,Zeus,ZEU-6S,UnitType.Mech.Assault,Unit.Usage.Market,1/1/2898,1348,Unit.Role.Sniper|Unit.Role.Skirmisher,,40,7,,,Rare,Uncommon,,,,VeryCommon,Common,,VeryRare,Rare,Uncommon,VeryCommon,,,,VeryCommon,,Rare,,,,,,,,,,,,,,VeryCommon,,,,,,,,,,,,,
ZEU-6T_UnitCard,Zeus,ZEU-6T,UnitType.Mech.Assault,Unit.Usage.Market,8/19/3026,1436,Unit.Role.Sniper|Unit.Role.Skirmisher,,44,7,,,VeryRare,,,,,VeryCommon,,,,VeryRare,,Uncommon,,,,VeryCommon,,VeryRare,,,,,,,,,,,,,,,,,,,,,,,,,,,
ZEU-9S_UnitCard,Zeus,ZEU-9S,UnitType.Mech.Assault,Unit.Usage.Market,12/3/3048,1639,Unit.Role.Sniper|Unit.Role.Skirmisher,,52,8,,,Rare,Rare,,,,VeryCommon,Common,,,VeryRare,Uncommon,Common,,,,VeryCommon,,Rare,,,,,,,,,,,,,,,,,,,,,,,,,,,
ZEU-SA3_UnitCard,Zeus,ZEU-SA3,UnitType.Mech.Assault,Unit.Usage.Special.Salvageable,1/1/3031,1678,Unit.Role.Sniper,,52,8,DLC6,,,,,,,,,,,,,,,,,,,,,,,,,,,,,,,,,,,,Common,,,,Common,,Common,Uncommon,Uncommon,Uncommon,Common
ZEU-SK_UnitCard,Zeus,ZEU-SK,UnitType.Mech.Assault,Unit.Usage.Unique,6/11/3030,1712,Unit.Role.Sniper,,53,8,"DLC1,Unique",,,,,,,Unique,,,,,,,,,,,,,,,,,,,,,,,,,,,,,,,,,,,,,,,
